"","gamma","alpha","rho","sigma_eps_sq","alpha_tilde","k","Y_inf","obj_fun"
"1",0.919066107086,4.4754604803,0.968393269928,7.65612,4.14485,0.032117,201.474,2044.59
"2",0.289022931985,0.735813383388,0.936423390536,0.0346051,0.276244,0.0656876,161.22,2100.89
"3",0.556707400391,1.16437297178,0.968958667817,0.351676,0.679256,0.0315333,255.374,2097.98
"4",0.426176401836,1.232636536,0.928892415615,0.118995,0.596428,0.0737624,146.986,2098.61
"5",0.735929722231,2.93404717528,0.947886836701,1.6107,2.21137,0.0535202,162.846,2056.89
"6",0.242012082516,0.49463103089,0.95447115838,0.0205583,0.165236,0.0465979,205.673,2079.19
"7",0.976792959291,4.99643666949,0.983163314782,16.6219,4.89732,0.01698,332.84,2137.75
"8",0.154944819443,0.567561665036,0.925993698845,0.0111267,0.161947,0.0768878,156.676,2119.97
"9",0.603215575311,1.85264684427,0.945658113475,0.612671,1.17189,0.0558742,162.581,2125.44
"10",0.587206225209,1.67240847234,0.950390418065,0.505029,1.03166,0.0508824,175.58,2113.58
"11",0.443811185529,1.29758087613,0.92867004271,0.135246,0.647211,0.0740018,143.902,2087.2
"12",0.36288216654,0.993298126989,0.930102475932,0.0596527,0.430348,0.0724605,149.708,2059.05
"13",0.443184403493,1.000734033,0.952653981565,0.15153,0.490856,0.0485035,195.774,2144.56
"14",0.178291730789,0.564662679233,0.93107597698,0.0131008,0.169599,0.0714144,156.072,2103.2
"15",0.314844203039,0.734954283135,0.942542625852,0.0406019,0.288853,0.0591741,168.87,2080.74
"16",0.770543118344,3.17194581402,0.95238180823,2.37585,2.49174,0.0487893,170.037,2085.08
"17",0.920314809834,5.24404847422,0.960455052472,9.13087,4.86572,0.0403481,186.648,2092.82
"18",0.21899161085,0.61569068345,0.9331341302,0.0185898,0.201697,0.0692063,154.724,2097.92
"19",0.647951027917,2.24209426338,0.944058399603,0.967712,1.50871,0.0575673,161.548,2143.94
"20",0.80229411056,2.66838711547,0.972237828866,2.87015,2.16859,0.0281548,228.634,2066.59
"21",0.54194012338,1.51671742256,0.945948363171,0.297043,0.876022,0.0555673,170.678,2071.29
"22",0.668572424962,2.12541552176,0.9545023147,1.0991,1.46649,0.0465652,180.296,2131.78
"23",0.371772508471,0.876004052352,0.942829453067,0.071262,0.382845,0.0588699,166.489,2097.64
"24",0.85634581389,3.17710390546,0.976567640631,5.65619,2.74413,0.0237113,260.375,2132.59
"25",0.317037485346,0.85949492782,0.930549767342,0.0469154,0.341942,0.0719797,152.612,2114.86
"26",0.493391296439,1.14951278904,0.954497684748,0.213311,0.612662,0.0465701,194.368,2109.97
"27",0.425925055318,1.08533948892,0.938895941903,0.123673,0.523377,0.0630506,154.856,2115.04
"28",0.319985409911,0.673104339397,0.949947808484,0.0389723,0.265436,0.0513482,183.772,2057
"29",0.356518280405,0.792399250523,0.947376234698,0.0665226,0.335129,0.054059,179.981,2123.81
"30",0.253795158022,0.668300727062,0.934564180762,0.0255064,0.235047,0.067675,154.22,2099.53
"31",0.273353020449,0.700195181875,0.936504749328,0.0325055,0.254896,0.0656007,161.515,2125.16
"32",0.671660521181,1.57932977999,0.973686020482,0.936848,1.08709,0.0266664,254.738,2082.73
"33",0.516432119057,1.58228560481,0.933270091072,0.279551,0.883873,0.0690606,148.845,2115.55
"34",0.361534088092,0.701029823432,0.956334376062,0.0664339,0.297112,0.0446477,201.123,2112.75
"35",0.749399363906,2.48009272473,0.966621468106,1.89737,1.89196,0.0339483,218.675,2083.41
"36",0.620580588288,1.85873455284,0.949675002852,0.576812,1.20382,0.0516355,166.63,2058.15
"37",0.733891211094,3.0696127905,0.942231888726,1.90915,2.31053,0.0595039,152.376,2112.94
"38",0.529291469492,1.23261551422,0.959815089113,0.282408,0.692598,0.0410146,216.764,2102.27
"39",0.757544618655,2.85969134159,0.957056338468,2.31467,2.20929,0.043893,181.585,2116.85
"40",0.400770298558,0.889277350278,0.950281156274,0.0940803,0.406115,0.0509974,188.772,2111.17
"41",0.115722453935,0.428919889251,0.938260087879,0.00816935,0.111376,0.0637281,163.729,2131.45
"42",0.0574053683344,0.513284628548,0.909322280247,0.00454145,0.120143,0.0950557,134.488,2095.04
"43",0.471061719806,0.845778077793,0.969391637158,0.184879,0.429022,0.0310866,271.744,2137.87
"44",0.410779268915,0.823787992776,0.956758570914,0.0999656,0.381636,0.0442042,200.6,2103.18
"45",0.553161604363,1.44219759563,0.95253678475,0.363354,0.845232,0.0486266,182.329,2106.98
"46",0.439033767916,1.00456257546,0.9479301494,0.107884,0.493107,0.0534745,167.445,2038.51
"47",0.547942227165,1.49659875822,0.947532258418,0.336964,0.872517,0.0538943,169.091,2094.01
"48",0.0582025821033,0.443940785193,0.923620183761,0.00447554,0.102218,0.0794543,149.384,2098.66
"49",0.470233979276,1.02116023041,0.95461386667,0.185066,0.52557,0.0464483,182.844,2126.63
"50",0.379735196799,0.935352561244,0.939889797424,0.0768394,0.415296,0.0619926,162.373,2097.81
"51",0.655032508749,1.77264052267,0.962786700596,0.799312,1.19835,0.0379234,200.448,2072.72
"52",0.269380606372,0.738563623451,0.931025962134,0.0290436,0.267929,0.0714681,154.076,2097.74
"53",0.56754187743,1.60670808326,0.948249390995,0.398968,0.963625,0.0531377,172.865,2093.53
"54",0.791970755806,2.60705860104,0.974124890905,2.75085,2.09059,0.0262158,256.097,2084.97
"55",0.248528333222,0.512468290816,0.953960871566,0.0225743,0.173402,0.0471326,207.658,2091.71
"56",0.22557600321,0.513393410498,0.948008793938,0.0177772,0.1678,0.0533915,180.235,2072.69
"57",0.530749717469,1.2456520652,0.955812167064,0.29829,0.705317,0.0451939,184.824,2107.85
"58",0.214990723542,0.541548490528,0.942999886606,0.0178002,0.173428,0.0586891,176.905,2104.12
"59",0.531470395565,1.31106840497,0.953378983499,0.329953,0.743415,0.0477428,183.178,2138.03
"60",1.02190868531e-05,0.414139263026,0.917095463229,0.00283248,0.0829088,0.0865437,147.71,2118.57
"61",0.518178514678,1.24599493509,0.952323161207,0.29192,0.693325,0.0488508,175.261,2134.22
"62",0.347831940188,0.868244947287,0.936346969786,0.0591869,0.365656,0.0657692,152.342,2099.98
"63",0.388603355265,0.802683783131,0.953650261817,0.0845097,0.358275,0.0474583,192.994,2111.71
"64",0.243205581492,0.642927046638,0.936120007992,0.0224769,0.220243,0.0660116,162.264,2093.87
"65",0.71121332499,2.78864520883,0.944892648653,1.4774,2.03843,0.056684,160.252,2098.54
"66",0.256193453524,0.515218359326,0.955046088502,0.0232025,0.176949,0.0459957,210.273,2078.87
"67",0.433200975615,1.12247730731,0.939626182784,0.132422,0.546632,0.0622732,161.727,2119.66
"68",0.406562730455,0.856150761065,0.952944260098,0.0923341,0.395135,0.0481989,187.516,2087.17
"69",0.257633060462,0.509507077963,0.954874533383,0.0256959,0.176391,0.0461753,198.636,2103.03
"70",0.434984407785,0.929696466606,0.954502236814,0.120936,0.449901,0.0465653,193.968,2094.55
"71",0.94770237641,5.26303100286,0.968779538439,9.33878,5.01901,0.0317182,212.776,2026.98
"72",0.377540767713,1.00487882071,0.933312238549,0.0802285,0.44607,0.0690155,153.512,2114.15
"73",0.292956566927,0.704434158927,0.940572874263,0.0370717,0.265796,0.0612661,166.219,2112.95
"74",0.481289632456,1.19870801519,0.947153087254,0.194879,0.629773,0.0542945,172.187,2109.55
"75",0.407784231729,1.16823923677,0.928883700245,0.0890523,0.547506,0.0737717,149.192,2059.5
"76",0.8937570778,4.42994933598,0.967793403021,7.49425,3.99151,0.0327366,219.793,2110.86
"77",0.691264058655,2.16815897846,0.958201120045,1.38942,1.54057,0.0426976,184.571,2143.16
"78",1.03350166919e-05,0.371329666394,0.925992423842,0.00265353,0.0740114,0.0768892,151.007,2096.51
"79",0.0796175752012,0.465344128279,0.924911474651,0.00553413,0.112138,0.0780572,154.065,2108.77
"80",0.540653068672,1.1930316556,0.9614923519,0.339043,0.683524,0.0392687,204.433,2124.5
"81",0.268154048251,0.688142505321,0.935410886074,0.0281455,0.249117,0.0667694,153.541,2089.54
"82",0.305218434848,0.802843559151,0.93156041744,0.0426461,0.313482,0.0708942,146.337,2113.32
"83",0.354115749192,0.828193416718,0.94310322727,0.0686745,0.350173,0.0585795,169.292,2137.23
"84",0.184627503443,0.61140240901,0.924620418682,0.0153137,0.188261,0.078372,142.24,2126.22
"85",0.553592175186,1.44081095205,0.953883290781,0.369537,0.843738,0.047214,190.672,2113.44
"86",0.235285019471,0.581171911054,0.941484952701,0.0236766,0.195256,0.0602969,167.598,2133.5
"87",0.350274027155,0.878199188254,0.937261781855,0.0690577,0.370349,0.0647927,158.986,2146.29
"88",0.645218929337,1.55856597094,0.969952253944,0.864566,1.03566,0.0305084,241.417,2131.3
"89",0.472365665953,1.29543958034,0.938609486906,0.150331,0.673312,0.0633558,159.194,2047.53
"90",0.970191381745,6.65611855038,0.955815689982,14.1275,6.50189,0.0451902,171.544,2086.61
"91",0.523138235697,1.59366206282,0.936045739752,0.307806,0.89766,0.0660909,155.955,2130.78
"92",0.986125882156,6.35692812629,0.965051402999,17.7484,6.30368,0.0355739,194.047,2119.98
"93",0.523471612964,1.19945889771,0.956835254742,0.282657,0.671047,0.044124,188.967,2112.17
"94",0.33542385886,0.698813707709,0.950692670021,0.0529432,0.283706,0.0505644,184.358,2110.84
"95",0.329660673926,0.813787061856,0.938031821226,0.0537185,0.330242,0.0639714,160.058,2124.96
"96",0.187903538084,0.437019346378,0.951460107872,0.0144056,0.130657,0.0497575,194.355,2116.21
"97",0.516529883656,1.19919005158,0.956898405266,0.278999,0.662519,0.0440581,198.361,2130.5
"98",0.507745927802,1.61460161597,0.92846084383,0.272279,0.891347,0.0742271,143.741,2128.83
"99",0.16621510026,0.457504243726,0.945269924195,0.0120126,0.130774,0.0562848,188.774,2121.41
"100",0.298863328684,0.776050014629,0.933230827948,0.0343309,0.298702,0.0691027,150.357,2064.47
"101",0.544585067597,1.30474073557,0.956853364892,0.340076,0.753689,0.0441051,191.023,2112.22
"102",0.472718140456,1.11165040887,0.949185633713,0.212659,0.576312,0.0521509,170.246,2160.55
"103",0.614374727475,1.76959412282,0.952910917573,0.607768,1.13428,0.0482339,177.467,2095.98
"104",0.623734452918,1.8586678389,0.953922632765,0.650383,1.20539,0.0471727,187.425,2093.38
"105",0.634902552196,1.92670858599,0.954409034626,0.761765,1.26886,0.0466629,188.456,2112.69
"106",0.265249060162,0.618096921574,0.944287168986,0.0279869,0.219662,0.057325,176.276,2105.47
"107",0.838715476593,3.80105024448,0.961094293218,4.71305,3.22691,0.0396828,193.978,2115.46
"108",0.208472636924,0.458163034255,0.953623243147,0.0155283,0.141891,0.0474866,213.593,2087.76
"109",0.440652651678,1.06431757601,0.945309602669,0.139568,0.523685,0.0562428,168.502,2117.16
"110",0.447331571082,0.881960917788,0.960047887902,0.121588,0.434481,0.0407721,207.453,2062.68
"111",0.479078530121,1.21942980489,0.94546409201,0.161453,0.638739,0.0560794,170.066,2055.37
"112",0.182044308684,0.620243402481,0.924618112181,0.0144728,0.188294,0.0783745,152.726,2123.92
"113",0.0393534191652,0.346401440139,0.939266756893,0.00393385,0.0743653,0.0626558,171.681,2118.14
"114",0.554299826455,1.46824751642,0.950378115227,0.338261,0.863471,0.0508954,173.019,2078.29
"115",0.627086557111,1.96264701234,0.947784899269,0.719413,1.28296,0.0536277,164.918,2109.99
"116",0.474374787404,1.21125226774,0.943386558069,0.166136,0.631201,0.0582792,161.302,2074.45
"117",0.381172081441,0.870000506163,0.945758545207,0.0822013,0.385861,0.055768,171.978,2118.15
"118",0.356315146303,0.944612136577,0.932763864306,0.0667355,0.403816,0.0696032,153.14,2115.25
"119",0.347905818675,0.965983318483,0.928533681342,0.0681696,0.407538,0.0741486,149.002,2144.31
"120",0.508711172908,1.29113482904,0.949991593665,0.280257,0.706823,0.0513021,182.449,2151.05
"121",0.296947573574,0.782142655563,0.934648710527,0.0341158,0.297607,0.0675845,164.887,2076.25
"122",0.5221582012,1.43571201349,0.94421273857,0.264676,0.805456,0.0574038,166.19,2089.22
"123",0.502475091869,1.02712340219,0.962096533425,0.233769,0.554007,0.0386405,208.064,2114.56
"124",0.172610560559,0.537211938583,0.933711889507,0.0120601,0.159017,0.0685874,159.047,2093.84
"125",0.523413938349,1.2526621892,0.953060356857,0.265282,0.7026,0.048077,175.873,2088.78
"126",0.916159401598,4.9838133713,0.961925503691,9.15519,4.60404,0.0388183,187.535,2106.33
"127",0.452648337099,1.13514294774,0.943500607941,0.166432,0.57032,0.0581583,165.281,2138.28
"128",0.444377945942,0.825974027663,0.963885415392,0.123535,0.403159,0.0367829,227.976,2079.42
"129",0.362716215812,0.836214692158,0.94535691672,0.0723215,0.357952,0.0561927,178.029,2132.66
"130",0.29798172803,0.729841060601,0.939174311819,0.0358015,0.278305,0.0627542,164.572,2087.27
"131",0.536142515764,1.40821928822,0.950825633863,0.322444,0.804181,0.0504246,183.487,2118.04
"132",0.419570493929,0.816342785792,0.959049930554,0.111577,0.383463,0.0418121,206.724,2114.27
"133",0.668027039145,1.94042343685,0.96180287028,1.12386,1.33445,0.0389458,204.265,2145.6
"134",0.267042839885,0.570762233411,0.950156112717,0.0293426,0.202262,0.051129,189.635,2118.35
"135",0.400927251856,1.09534501691,0.93240744919,0.100017,0.506746,0.0699854,152.115,2117.56
"136",0.372768242062,0.923109440078,0.939646149224,0.0661981,0.40446,0.0622519,164.555,2071.27
"137",0.79424172967,3.17735040296,0.960722056708,3.02034,2.56286,0.0400701,192.604,2099.83
"138",0.317560728165,0.758105379413,0.94070711418,0.0460211,0.300037,0.0611234,164.984,2111.66
"139",0.561869209036,1.31086716966,0.961473866414,0.371843,0.775062,0.0392879,208.968,2094.87
"140",0.8434063736,3.08409713434,0.975235683806,4.79287,2.62591,0.0250761,252.067,2115.81
"141",0.705433731212,2.38465221183,0.955703807221,1.3034,1.72651,0.0453072,179.916,2081.39
"142",0.54368852993,1.20850826753,0.960844627028,0.317054,0.696207,0.0399426,199.074,2093.31
"143",0.576428839096,1.62201731462,0.949762516432,0.491965,0.985215,0.0515433,174.687,2135.55
"144",0.35581885314,0.923430850796,0.934894825694,0.068591,0.393679,0.0673212,157.188,2127.97
"145",0.627339941576,1.95058132707,0.949416762474,0.714921,1.27426,0.0519074,171.254,2109.25
"146",0.141269156703,0.508855144174,0.930574684004,0.00927178,0.141311,0.0719529,153.07,2095.64
"147",0.305206240003,0.878733145403,0.924978652666,0.0412888,0.343216,0.0779846,145.79,2103.46
"148",0.597524922682,1.58202206632,0.956802030405,0.567183,0.988496,0.0441588,188.468,2124.44
"149",0.354084272875,0.826798706759,0.942984229015,0.0553526,0.349772,0.0587057,167.829,2067.65
"150",0.920637559565,5.23614711654,0.957056077914,9.20347,4.86354,0.0438933,170.262,2091.75
"151",0.198477965492,0.695263564928,0.917116932754,0.016906,0.220878,0.0865203,139.557,2117.97
"152",0.361875435603,0.890392071877,0.939508382152,0.0733004,0.382703,0.0623985,163.655,2134.19
"153",0.125177848316,0.546670199242,0.921188234348,0.00786624,0.147243,0.0820909,147.387,2087.78
"154",0.669480815978,2.04333957005,0.956714129618,0.997286,1.41126,0.0442506,182.117,2098.68
"155",0.226668780606,0.496951816819,0.950798675789,0.0213916,0.161845,0.0504529,191.161,2132.12
"156",0.573243796329,1.6034356381,0.949795043645,0.466477,0.969364,0.0515091,174.953,2127.73
"157",0.426975734629,0.946380352051,0.949754776328,0.13298,0.454327,0.0515515,173.638,2141.5
"158",0.372507023936,1.04144665149,0.929984282199,0.0729884,0.457962,0.0725876,154.732,2099.62
"159",0.433467267365,0.903736124314,0.954507008331,0.141675,0.437233,0.0465603,185.023,2146.06
"160",0.0160591616616,0.336963274978,0.936466571674,0.00303445,0.0689448,0.0656415,162.375,2096.9
"161",0.201416744805,0.619453893792,0.92834696349,0.0182046,0.196421,0.0743497,149.406,2138.87
"162",0.135207781614,0.458791930692,0.93764375491,0.00849499,0.124388,0.0643852,165.223,2090.04
"163",0.608572975285,1.81278961295,0.950047327151,0.622278,1.15317,0.0512435,173.866,2118.84
"164",0.828330153612,3.69864296046,0.957819712521,3.75456,3.10588,0.0430957,179.483,2069.61
"165",0.308165502252,0.673592433563,0.948112965566,0.0413651,0.259465,0.0532816,185.492,2111.3
"166",0.529540915019,1.07680711126,0.967422375261,0.315881,0.602791,0.0331201,247.233,2140.25
"167",0.535855978877,1.3630679013,0.952420744894,0.297444,0.777987,0.0487484,183.952,2092.89
"168",0.75261757734,2.83294961285,0.957044696041,2.32438,2.17508,0.0439052,183.953,2132.76
"169",0.266954115553,0.743907722837,0.930496640894,0.0297116,0.268093,0.0720368,157.101,2114.12
"170",0.0907095171518,0.434373533225,0.933510500687,0.00525466,0.105891,0.0688031,169.072,2067.52
"171",1.10051734707e-05,0.350706484882,0.930818467794,0.00257706,0.0691854,0.071691,159.051,2091.04
"172",0.371410558985,1.00704835925,0.930316861865,0.0613469,0.443712,0.07223,146.099,2041.68
"173",0.065400613664,0.451843155225,0.92370677201,0.0049486,0.105844,0.0793606,149.277,2110.18
"174",0.603840840352,1.79718774737,0.94983745693,0.582849,1.13538,0.0514644,175.216,2111.87
"175",0.626344805084,1.85761831456,0.95383703539,0.780097,1.20967,0.0472624,183.876,2143.45
"176",0.26032683407,0.652839603164,0.938207906039,0.0253042,0.231744,0.0637837,160.402,2080.92
"177",0.62705560982,1.77151688194,0.957007796617,0.740858,1.15383,0.0439437,189.894,2126.26
"178",0.466902745066,1.03245112288,0.954177517229,0.156326,0.527877,0.0469055,187.67,2083.68
"179",0.457985915653,1.13858296657,0.944795827317,0.141134,0.576659,0.0567864,167.82,2071.48
"180",0.466419651116,1.00308708875,0.957053633257,0.170623,0.510806,0.0438958,202.068,2116.74
"181",0.499260767038,1.18364815703,0.951453936899,0.209875,0.639495,0.049764,174.857,2082.43
"182",0.284039972591,0.787070192,0.929634875216,0.0315829,0.293925,0.0729634,153.421,2082.87
"183",0.467093413539,1.22064458741,0.940278163699,0.174969,0.629877,0.0615795,155.025,2108.91
"184",0.617676022602,2.05562035705,0.942460956823,0.656427,1.32725,0.0592608,160.931,2105.76
"185",0.839957185805,4.55702630752,0.944565606561,4.7589,3.88314,0.0570301,157.406,2104.19
"186",0.485494849024,1.31758406827,0.94184585129,0.228851,0.697834,0.0599137,167.043,2147.94
"187",0.161867378923,0.573784105375,0.925521926062,0.0126214,0.167355,0.0773975,148.666,2134.38
"188",0.202115052656,0.530983920716,0.941472026629,0.0160598,0.165848,0.0603106,173.007,2106.59
"189",0.203096029692,0.604262901202,0.930969533479,0.0149028,0.191754,0.0715287,153.002,2072.05
"190",0.401779280198,1.02121515686,0.9391379264,0.100467,0.471165,0.0627929,163.014,2121.05
"191",0.6079755436,1.61535590146,0.959688754552,0.630738,1.02241,0.0411463,204,2132.03
"192",1.03592949396e-05,0.373671548398,0.925699379202,0.00240444,0.0743045,0.0772057,152.788,2066.85
"193",0.269152968879,0.78731152102,0.92502143421,0.0292433,0.286886,0.0779384,146.287,2096.1
"194",0.402844022771,1.18746360182,0.92484998599,0.11106,0.553513,0.0781237,142.132,2139.64
"195",0.0517446252183,0.387642232896,0.933341652229,0.00428893,0.0867167,0.068984,161.409,2107.55
"196",0.359172617659,0.798017549631,0.947524970503,0.0674868,0.339101,0.053902,180.398,2120.9
"197",0.295847490875,0.720865428754,0.938924533388,0.0365772,0.274342,0.0630202,160.426,2097.81
"198",0.47428523069,1.35711006874,0.933759117814,0.192814,0.709898,0.0685368,148.538,2116.35
"199",0.567816655319,1.37565428829,0.958844506265,0.347849,0.822275,0.0420264,195.213,2053.95
"200",0.370358864197,0.786249419215,0.950199232851,0.0588969,0.340995,0.0510836,180.282,2044.49
"201",0.242684766363,0.542481635521,0.947631913428,0.0231818,0.18402,0.0537891,177.42,2108.04
"202",0.442118289488,0.954829352306,0.954077486703,0.147973,0.46807,0.0470104,190.8,2137.74
"203",0.234616062401,0.581717487009,0.941410417284,0.0193119,0.19507,0.0603761,168.456,2070.89
"204",0.558583384376,1.46120331464,0.951345489816,0.371861,0.864858,0.049878,172.777,2096.1
"205",1.0807528472e-05,0.282907581538,0.946630571549,0.00230562,0.0533725,0.0548464,200.493,2068.25
"206",0.166839805388,0.454020963196,0.94581661448,0.0123366,0.129932,0.0557066,189.12,2127.92
"207",0.389241933275,0.851251002186,0.949003870857,0.0838682,0.382339,0.0523424,176.901,2103.01
"208",1.07373906834e-05,0.400898506953,0.919857555996,0.00250832,0.0801467,0.0835365,148.739,2079.63
"209",0.819816320346,3.24837294172,0.965593563841,4.12836,2.69748,0.0350123,204.485,2129.39
"210",0.359983276149,0.871531471672,0.940363478309,0.0738493,0.373373,0.0614888,163.293,2141.54
"211",0.418421201246,0.907563179826,0.952060784113,0.0974153,0.427683,0.0491264,186.84,2070.51
"212",0.145154831832,0.475302801434,0.937137438814,0.00973131,0.131855,0.0649253,164.546,2105.08
"213",0.374619162266,0.667776941506,0.963012352466,0.0767305,0.28715,0.037689,237.62,2127.66
"214",0.304127389149,0.7348551129,0.940453129913,0.0378187,0.283036,0.0613935,168.262,2088.89
"215",0.642226409202,1.95624296345,0.953848068441,0.737706,1.3025,0.0472509,181.421,2079.73
"216",0.537773692606,1.25597534105,0.958013104728,0.342654,0.717417,0.0428938,195.952,2134.89
"217",0.670205245093,2.30580923966,0.949178163762,0.926942,1.59619,0.0521588,171.275,2070.04
"218",1.01135602563e-05,0.32823283007,0.936191395789,0.00299244,0.0638119,0.0659353,171.381,2144
"219",0.613280167276,1.55578792034,0.962772081683,0.540233,0.991362,0.0379386,210.942,2068.23
"220",0.352531933629,0.793828137652,0.945417572615,0.0570054,0.334432,0.0561286,171.059,2082
"221",0.391432926528,1.02475643268,0.934640123217,0.0920844,0.466483,0.0675937,151.535,2117.21
"222",0.374492480731,0.980708898468,0.933837559878,0.0794463,0.433431,0.0684528,151.276,2118.27
"223",0.527176189346,1.00332823999,0.969933574994,0.243439,0.558997,0.0305277,255.733,2063.56
"224",0.33635254172,0.64920202176,0.955719604559,0.05112,0.262641,0.0452907,198.899,2099.89
"225",0.567160647013,1.58984687732,0.948568883234,0.378083,0.95313,0.0528009,172.016,2077.11
"226",0.336814150077,0.68811384566,0.952573380748,0.0508042,0.279193,0.0485881,193.098,2096.36
"227",0.495928244019,1.30010722286,0.94362073458,0.192552,0.701139,0.058031,161.193,2060.16
"228",0.400539163878,0.963564392099,0.942563053142,0.0972818,0.443382,0.0591525,164.43,2114.69
"229",0.738649992244,2.95171449812,0.949889766486,1.79939,2.23039,0.0514093,170.496,2086.74
"230",0.392027817547,0.880027580387,0.948503780258,0.0846186,0.396492,0.0528695,182.479,2100.3
"231",0.401996747291,0.9342521336,0.945521259063,0.0925661,0.430045,0.0560189,170.638,2096.47
"232",0.302186429092,0.774437557451,0.934821356045,0.0414292,0.299203,0.0673998,154.967,2117.67
"233",0.0225138766677,0.402839207464,0.924112563824,0.00338784,0.0849569,0.0789214,150.562,2111.22
"234",0.486491826994,1.24616223751,0.944379893698,0.210394,0.661868,0.0572268,162.483,2115.75
"235",0.332822686893,0.70772666131,0.94914260489,0.0549414,0.286405,0.0521962,180.025,2128.82
"236",0.30146477428,0.793233775316,0.933253214331,0.0434957,0.305879,0.0690787,155.963,2136.1
"237",0.623957531045,1.81632652022,0.952701006829,0.648181,1.18061,0.0484542,173.517,2088.13
"238",0.298769579611,0.850671892888,0.926049811947,0.0369299,0.328105,0.0768273,146.486,2086.98
"239",0.157307954088,0.648967678876,0.912979753979,0.0117728,0.189108,0.0910416,138.952,2119.62
"240",0.60265198671,1.94193660741,0.942689850837,0.618429,1.22762,0.0590179,161.545,2129.78
"241",0.310030082192,0.886020964659,0.925099464905,0.0380478,0.349594,0.077854,143.916,2062.4
"242",0.724433184547,2.50302575115,0.958880168172,1.6234,1.85439,0.0419892,192.032,2100.16
"243",0.640665280755,2.22444757886,0.939062368468,0.766742,1.48606,0.0628734,146.276,2084.04
"244",0.455397223315,1.0637376258,0.950241303227,0.154189,0.534182,0.0510393,183.469,2112.05
"245",0.220615984426,0.64096764374,0.931058820446,0.0195951,0.210349,0.0714328,157.018,2112.27
"246",0.113997365417,0.537071470974,0.91910160866,0.00728855,0.142123,0.0843586,140.204,2089.19
"247",0.438697184007,1.18073076689,0.936290976265,0.151482,0.581692,0.065829,154.675,2143.92
"248",0.108071538776,0.428508727547,0.937198447272,0.00707446,0.109111,0.0648602,165.888,2108.94
"249",0.442304394364,1.35288274559,0.926174881585,0.124699,0.672211,0.0766922,147.527,2067.89
"250",0.597991373667,1.89191918085,0.94320033628,0.536127,1.18815,0.0584766,161.536,2097.03
"251",0.297691765551,0.777530041764,0.934344550588,0.0342816,0.29712,0.06791,159.398,2072.58
"252",0.86155540819,3.83163118559,0.966256184538,6.27066,3.33491,0.0343263,206.753,2144.33
"253",0.0902953464983,0.471345628952,0.926080804628,0.00645326,0.11648,0.0767938,153.88,2126.96
"254",0.580746521652,1.38272341908,0.95973612658,0.409921,0.843276,0.0410969,188.257,2067.7
"255",0.291933017214,0.611305216827,0.949821133894,0.0306988,0.228639,0.0514816,180.343,2058.55
"256",0.30694142961,0.858698260562,0.927438560721,0.0427666,0.336132,0.0753287,147.623,2110.86
"257",0.184524450147,0.592213359689,0.928781400081,0.0136028,0.180496,0.0738819,154.431,2097.22
"258",0.589604234946,1.6341003678,0.950709770069,0.512578,1.01276,0.0505464,168.457,2109.27
"259",0.927200859843,4.45582300886,0.973205313503,9.36726,4.15824,0.0271602,230.609,2089.33
"260",0.488239006431,1.1276327732,0.953781063732,0.197078,0.596773,0.0473211,188.583,2097.74
"261",0.364032513452,0.93217353772,0.936790731677,0.0637485,0.402551,0.0652954,161.698,2082.93
"262",0.338082481655,0.745411610129,0.948098587689,0.0508963,0.303912,0.0532968,186.363,2092.69
"263",0.341583047201,0.916528269368,0.931911847611,0.0540758,0.381159,0.0705171,154.848,2091.34
"264",0.472654523531,1.36887376555,0.933016073888,0.179917,0.713988,0.0693329,149.403,2099.52
"265",0.946141144067,4.76158267367,0.970608674956,10.5992,4.53452,0.0298319,205.533,2072.66
"266",0.285085966085,0.58913150812,0.952962930045,0.0328164,0.21499,0.0481793,206.545,2108.04
"267",0.652083930045,1.78109024253,0.963486486451,0.757067,1.19793,0.0371968,211.262,2065.85
"268",0.169229038341,0.581496426088,0.926699016787,0.0115749,0.171707,0.0761265,152.927,2088.81
"269",0.851962621084,4.10747831631,0.957424190637,5.34552,3.54199,0.0435087,179.358,2115.07
"270",0.567705878649,1.52003356512,0.955045895213,0.408204,0.907886,0.0459959,199.153,2107.35
"271",0.594023154501,2.24035929318,0.924430414551,0.561175,1.40639,0.0785775,137.265,2110.28
"272",0.560593463244,1.40712058482,0.955973700792,0.411367,0.832849,0.0450249,189.532,2127.15
"273",0.283697681053,0.769666159178,0.930265394931,0.040125,0.288087,0.0722854,148.454,2156.62
"274",0.999989047781,7.19604207515,0.960711343662,16.6201,7.23525,0.0400813,184.167,2056.46
"275",0.438740315733,0.997931633812,0.948807266259,0.127099,0.489026,0.0525496,171.375,2093.2
"276",0.179574175436,0.465822414961,0.945939201952,0.0117281,0.13771,0.055577,182.547,2072.43
"277",0.532724953041,1.38669065495,0.950706577308,0.322307,0.788018,0.0505498,181.804,2127.13
"278",0.267640122092,0.608823593698,0.945670417566,0.030057,0.217275,0.0558612,177.497,2121.63
"279",0.84234283784,4.40543981183,0.947272820418,4.78161,3.76362,0.0541681,158.67,2100.21
"280",0.849919763646,3.57245383235,0.967370223537,5.84108,3.06893,0.033174,209.814,2155.55
"281",0.322116942124,0.766366993147,0.940675968583,0.0505693,0.306184,0.0611565,163.196,2127.97
"282",0.248050989803,0.651883648603,0.936388412638,0.0256325,0.225312,0.0657249,163.778,2122.78
"283",0.447913256269,1.18983637969,0.938455914854,0.13117,0.594488,0.0635194,158.121,2073.1
"284",0.698247668708,2.25814338576,0.957252405839,1.26297,1.61949,0.0436882,182.227,2092.36
"285",0.212078501754,0.378621426754,0.965994948536,0.0160179,0.114303,0.0345967,303.829,2098.08
"286",0.310217835486,0.730373292604,0.943395604353,0.037577,0.283179,0.0582696,179.447,2073.98
"287",0.809938615142,2.68304849035,0.977548816686,3.41069,2.19556,0.022707,286.651,2104.88
"288",0.265938487755,0.589445354389,0.947313744449,0.0247872,0.209442,0.0541249,179.383,2064.7
"289",0.568701300034,1.75316116741,0.940856645852,0.433202,1.05617,0.0609645,158.929,2111.36
"290",0.384738304311,1.13199069003,0.923551445898,0.0854251,0.511969,0.0795288,140.148,2105.94
"291",0.13098962044,0.367645691303,0.9511646609,0.00846332,0.0969931,0.0500681,188.382,2104.28
"292",0.511183986987,0.762865267785,0.981000368432,0.22072,0.408964,0.0191824,405.093,2085.04
"293",0.132318286225,0.526441804457,0.9257437686,0.00849434,0.143914,0.0771578,148.529,2091.36
"294",0.70770020688,2.442467128,0.958251745029,1.34329,1.77028,0.0426448,199.328,2088.68
"295",0.512418184924,1.49905509558,0.937943846867,0.281855,0.830199,0.0640652,157.834,2133.82
"296",0.140731467995,0.545592652317,0.924844498788,0.00879024,0.151938,0.0781297,148.68,2078.93
"297",0.649864827143,2.01444830955,0.951977588029,0.964336,1.35714,0.0492138,171.022,2140.55
"298",0.725449892345,2.32819751189,0.96354528599,1.54933,1.72545,0.0371358,203.758,2084.61
"299",0.619087361413,1.87191117419,0.948836636575,0.628261,1.21004,0.0525186,165.63,2089.5
"300",0.635229140357,1.98844427352,0.950703651412,0.784795,1.31241,0.0505529,175.262,2117.62
"301",0.594650612764,1.62544889599,0.953971973485,0.552204,1.0126,0.047121,180.921,2122.1
"302",0.534579889343,1.55364580401,0.939866563596,0.374583,0.890681,0.0620174,154.799,2160.11
"303",0.711117489118,2.45142863124,0.958295967856,1.61545,1.78496,0.0425986,196.882,2137.39
"304",0.601568781765,1.95367090953,0.940478438369,0.488572,1.23479,0.0613666,154.575,2054.72
"305",0.434719170957,1.04150333063,0.945657048704,0.137703,0.507104,0.0558753,170.302,2130.55
"306",0.508371843938,1.20841839023,0.953359486302,0.231423,0.660966,0.0477632,184.039,2090.68
"307",0.259294931011,0.526540584153,0.953862758332,0.0305067,0.182667,0.0472355,201.716,2155
"308",0.270638574254,0.775787756255,0.92672002795,0.033294,0.283238,0.0761038,147.761,2134.19
"309",0.937978419801,5.57940837189,0.960128819829,11.9152,5.27324,0.0406878,182.68,2127.12
"310",0.314247056893,0.707331713651,0.946120357192,0.0420655,0.276157,0.0553855,181.348,2098.2
"311",0.115879123688,0.410278368239,0.942855390187,0.00679841,0.104687,0.0588424,185.74,2082.08
"312",0.163235682688,0.596279772581,0.922499022739,0.0126446,0.174835,0.080669,146.045,2129.25
"313",0.468957372341,0.979825977787,0.958311779665,0.177942,0.501185,0.0425821,200.885,2122.04
"314",0.483965750356,1.10434870043,0.953072759777,0.195333,0.581394,0.048064,181.35,2104.82
"315",0.61002125563,1.81637663116,0.951537151404,0.57153,1.15649,0.0496765,181.343,2089.89
"316",0.00363579398672,0.262245044847,0.95160289427,0.00265253,0.0493506,0.0496075,213.989,2103.52
"317",0.754766869598,2.67283329726,0.961309062546,2.27061,2.05606,0.0394593,193.214,2121.24
"318",0.645846480394,2.33123789613,0.939897066578,0.855733,1.56572,0.0619849,155.666,2107.96
"319",0.189700174823,0.472683759606,0.946616284548,0.0137736,0.143052,0.0548615,180.567,2093.62
"320",0.156375269316,0.5610824842,0.925521452435,0.0107394,0.162218,0.077398,145.178,2095.37
"321",0.662083881714,1.93464735575,0.961933465567,1.07217,1.31897,0.03881,211.603,2148.91
"322",0.937223865168,4.43003222026,0.97465291289,11.6296,4.17728,0.0256739,231.985,2130.6
"323",0.397511251929,0.87696149314,0.950196678355,0.0931223,0.398405,0.0510863,186.983,2116.49
"324",0.675600271421,2.62470204037,0.936245159116,1.05356,1.837,0.0658779,144.692,2085.12
"325",0.60451876947,1.60765727868,0.957107639548,0.520089,1.01475,0.0438394,187.434,2076.62
"326",0.246013517359,0.791350043438,0.917367483878,0.0259072,0.277315,0.0862471,137.206,2116.96
"327",0.397734586445,0.920054295736,0.945882023049,0.101931,0.420055,0.0556374,172.816,2140.23
"328",0.545455089723,1.39755008126,0.952022737349,0.269454,0.810278,0.0491664,178.072,2032.2
"329",0.685847126592,2.2302109062,0.956572447807,1.1905,1.57301,0.0443988,187.522,2109.97
"330",0.198549337496,0.592087479479,0.930765482848,0.0165362,0.186793,0.0717479,148.23,2114.21
"331",0.203990261975,0.653454155149,0.924625124939,0.0143633,0.208673,0.0783669,147.213,2054.93
"332",0.65031075857,1.85051545049,0.961084619105,0.80171,1.24233,0.0396928,205.549,2088.35
"333",0.164921848495,0.560936258491,0.928478164622,0.0133148,0.164032,0.0742084,153.402,2145.64
"334",0.819604924146,3.26175807042,0.965806082593,3.87942,2.70755,0.0347922,207.26,2110.51
"335",0.418754507621,1.09329140795,0.938536436233,0.116704,0.519284,0.0634336,163.38,2121.38
"336",0.642155759121,1.99732328896,0.953453997393,0.870632,1.32914,0.0476641,184.874,2133.66
"337",0.722058127355,2.8776728016,0.943870370761,1.62467,2.13398,0.0577664,154.236,2095.99
"338",0.409666629595,1.01844923737,0.941523631446,0.104268,0.475701,0.0602558,166.795,2112.21
"339",0.681166697348,1.91684555273,0.964063282967,1.19077,1.34163,0.0365983,203.209,2126.26
"340",0.383365081367,0.74051436026,0.956927475572,0.0793781,0.32696,0.0440277,197.801,2106.11
"341",1.01888121886e-05,0.397318963133,0.91957688199,0.00293492,0.0804272,0.0838416,139.803,2121.32
"342",0.203088636206,0.617254219137,0.92976921106,0.0163901,0.195588,0.0728189,154.971,2103.98
"343",0.366379102014,0.841661159081,0.946156354143,0.0771513,0.362211,0.0553474,181.753,2144.28
"344",0.17120309056,0.547108212989,0.931544542174,0.0114029,0.162122,0.0709113,153.842,2077.35
"345",0.500449335518,1.19250638344,0.952175650528,0.263097,0.644613,0.0490058,180.831,2153.06
"346",0.339399134914,0.730822679715,0.948849698811,0.0480038,0.299191,0.0525049,182.042,2068.28
"347",0.776930735618,2.24938758417,0.982428828269,2.54141,1.76519,0.0177274,377.393,2109.67
"348",0.250246369204,0.575956669378,0.945283989513,0.0260515,0.198847,0.0562699,173.545,2123.11
"349",0.780838865731,2.66015832712,0.969747328726,2.62278,2.10741,0.0307197,229.225,2098.74
"350",0.631508984433,1.81029390611,0.955865361486,0.619113,1.18735,0.0451382,183.696,2054.66
"351",0.268284626648,0.770316974512,0.926763040611,0.032589,0.279901,0.0760574,148.034,2134.42
"352",0.177691429077,0.566279833999,0.930617086462,0.0141196,0.170006,0.0719074,155.017,2127.83
"353",0.418768643551,1.10567762219,0.936449800981,0.125854,0.526573,0.0656594,155.94,2141.69
"354",0.292924719155,0.706925616236,0.939085660903,0.0385109,0.26799,0.0628486,157.205,2120.6
"355",0.19143907685,0.61838485267,0.926575478955,0.0128052,0.191808,0.0762598,150.788,2056.19
"356",0.0352693942424,0.340330661449,0.93966977873,0.00331712,0.0723335,0.0622268,171.537,2074.84
"357",0.34311937559,0.857742915896,0.937326034359,0.0563883,0.356982,0.0647241,159.232,2101.9
"358",0.578698814532,1.89154006646,0.935237569118,0.45768,1.15939,0.0669547,146.232,2094.81
"359",0.15851508157,0.466575395016,0.941470867204,0.0113255,0.132488,0.0603119,173.105,2118.64
"360",0.0494637922306,0.339749836308,0.942530702754,0.00411453,0.0742746,0.0591868,178.749,2106.29
"361",0.493238901679,1.06780283585,0.95883657469,0.214699,0.567845,0.0420346,204.495,2114.08
"362",0.377350100215,0.666806266077,0.961939496064,0.0696345,0.28968,0.0388037,216.71,2084.25
"363",0.112857277284,0.515895842499,0.922535556416,0.00741936,0.135687,0.0806294,143.557,2100.05
"364",0.840105272251,2.86386714002,0.982311595703,3.71592,2.42364,0.0178467,349.515,2049.51
"365",0.189229818778,0.513273831086,0.940565997309,0.0130843,0.156561,0.0612735,167.089,2074.68
"366",0.257287376071,0.559105782664,0.949662129865,0.0280805,0.194189,0.051649,190.059,2132.43
"367",0.374716149407,0.958358286172,0.936858647231,0.0740008,0.422254,0.0652229,159.353,2099.08
"368",0.392038810114,0.871004191248,0.948663916197,0.0912599,0.392804,0.0527007,179.576,2123.04
"369",0.42515504846,1.05748937928,0.942465540539,0.106726,0.507131,0.0592559,167.175,2075.48
"370",0.529907654509,1.27462373179,0.955004472883,0.294626,0.720428,0.0460393,187.452,2107.17
"371",0.585459528238,1.61730893377,0.952566177371,0.484929,0.994303,0.0485957,180.752,2106.9
"372",0.440109179211,1.14006077046,0.939456372404,0.126163,0.562295,0.0624539,158.204,2082.62
"373",0.447518449709,0.940699739676,0.956421375768,0.11859,0.464559,0.0445567,197.967,2053.14
"374",0.52671745602,1.2373043185,0.958125354088,0.289085,0.693584,0.0427767,206.355,2114.88
"375",0.584678032492,1.49586800527,0.957798878675,0.514081,0.916802,0.0431175,193.484,2130.66
"376",0.448553193909,1.08890299547,0.944870886949,0.161404,0.54356,0.056707,164.33,2139.69
"377",0.330421505292,0.972781176015,0.921598403586,0.0492645,0.399829,0.0816457,138.47,2083.43
"378",0.682853618549,2.14134832053,0.957092883515,1.13275,1.50513,0.0438548,183.076,2101.53
"379",0.514337940954,1.06717845031,0.963939207929,0.232866,0.584951,0.036727,225.27,2083.03
"380",0.404734988427,0.97804471851,0.943168990639,0.0919805,0.45268,0.0585098,168.522,2086.38
"381",0.226588936758,0.538297215023,0.945056157502,0.0187289,0.176916,0.0565109,174.291,2085.39
"382",0.0914864795931,0.351439842407,0.948208421868,0.00568529,0.0839436,0.0531809,196.088,2094.71
"383",0.239643323297,0.643775073253,0.934503248098,0.0233067,0.219773,0.0677402,156.281,2111.79
"384",0.470904099856,1.10444751172,0.950350070821,0.161277,0.569739,0.0509249,178.022,2079.93
"385",0.10925868659,0.471136354922,0.930953860134,0.00672706,0.120522,0.0715456,163.777,2091.53
"386",0.0639388635633,0.436451140037,0.925798767835,0.00488257,0.102107,0.0770984,147.373,2107.31
"387",0.401070083267,0.755903730687,0.961277888136,0.0961266,0.341892,0.0394917,228.306,2123.91
"388",0.601919764076,2.11769534136,0.934181345762,0.577993,1.3405,0.0680847,149.476,2104.59
"389",0.749015314497,3.19554358233,0.945024996788,1.75461,2.44849,0.0565439,158.928,2045.4
"390",0.124633674959,0.386235746545,0.946934653967,0.00791305,0.101203,0.0545252,177.69,2098.64
"391",0.331584362607,0.785707929993,0.940314554354,0.0577449,0.320214,0.0615408,158.584,2140.77
"392",0.603092833803,1.30179554764,0.973525481954,0.506493,0.811578,0.0268313,291.607,2085.64
"393",0.217175045821,0.624158706879,0.931471126732,0.0186265,0.204081,0.0709901,152.139,2102.47
"394",0.296057938236,0.673564191629,0.944907272543,0.0363028,0.254507,0.0566685,175.731,2100.45
"395",0.48966816085,1.42389833977,0.935119692735,0.205051,0.762118,0.0670807,153.098,2094.75
"396",0.256072003009,0.7433833931,0.926804784208,0.0292016,0.263555,0.0760123,148.861,2134.64
"397",0.766591374449,3.29170300991,0.948561625051,2.57273,2.57483,0.0528085,164.781,2119.76
"398",0.275688777155,0.561017910428,0.953697662932,0.0279709,0.200969,0.0474086,205.344,2082.52
"399",0.367332547618,0.673820748138,0.960538643499,0.0740366,0.286978,0.0402611,221.7,2134.55
"400",0.375318498279,0.95096778811,0.937007251398,0.0788187,0.419909,0.0650643,156.714,2115.8
"401",0.268759500993,0.728274893625,0.931704332303,0.0314656,0.264026,0.0707398,153.128,2124.48
"402",0.758778773462,2.99149421729,0.953976020328,2.64159,2.31591,0.0471167,174.876,2153.93
"403",0.617645698672,1.50009433924,0.966332840732,0.707084,0.960194,0.0342469,226.969,2144.18
"404",0.606960724183,1.59979614507,0.959156247689,0.557244,1.01186,0.0417013,198.006,2093.85
"405",0.392731947327,0.982128169922,0.938525200329,0.090673,0.447188,0.0634456,156.442,2111.01
"406",0.442960188594,1.03410643287,0.948996224882,0.113779,0.509072,0.0523505,180.169,2049.22
"407",0.73525739877,2.47791201064,0.96317167567,1.83597,1.85873,0.0375236,207.13,2111.42
"408",0.668869940827,1.71499331524,0.970872194684,0.969335,1.17624,0.0295604,251.967,2102.05
"409",0.736327641272,2.4787390889,0.9624248494,2.01563,1.86274,0.0382993,200.588,2136.99
"410",0.227017820342,0.675739198888,0.927482221621,0.0253098,0.225923,0.0752817,149.247,2171.54
"411",0.353686828888,0.867169834782,0.939988323979,0.0666964,0.366718,0.0618878,166.947,2128.84
"412",0.60986244212,1.80766438113,0.950638161609,0.603711,1.15179,0.0506218,175.024,2105.93
"413",0.189142626995,0.528076322884,0.939252543316,0.0154823,0.160629,0.0626709,170.879,2131.63
"414",0.406252199355,0.824118691629,0.954508451254,0.0979141,0.380292,0.0465588,186.202,2105.59
"415",0.687924466532,1.80796879024,0.970210629422,1.02929,1.27354,0.0302421,234.87,2064.69
"416",0.27890053783,0.670533690013,0.940184994194,0.0336243,0.246827,0.0616786,161.13,2119.02
"417",0.171200062708,0.483693182601,0.941908455722,0.0119249,0.1409,0.0598472,176.868,2101.12
"418",0.364880418998,0.903605652404,0.938202375261,0.0685683,0.391506,0.0637896,157.521,2101.32
"419",0.299612241446,0.740974944306,0.938500350414,0.0417556,0.283505,0.063472,164.118,2131.54
"420",0.317431023034,0.722470354734,0.944088727062,0.0440979,0.285246,0.0575351,169.638,2099.49
"421",0.300833147767,0.912573720063,0.919406168557,0.0416868,0.355126,0.0840273,138.354,2114.3
"422",0.782275789438,2.9730065978,0.961991402929,3.0989,2.36372,0.0387498,196.31,2142.99
"423",0.599806755611,2.09198474015,0.933083696527,0.580884,1.3217,0.0692604,144.555,2110.08
"424",0.439922379182,0.890844383538,0.95873926442,0.118537,0.433163,0.0421361,209.471,2076.96
"425",0.621974319048,1.95033827764,0.946739125611,0.685682,1.26632,0.0547317,163.128,2108.37
"426",0.301913093324,0.672518010087,0.944899565838,0.0455941,0.258142,0.0566766,166.539,2152.27
"427",0.49475070985,1.32547914343,0.943056789304,0.249856,0.712725,0.0586288,165.291,2148.44
"428",0.466218712877,1.1016920055,0.949083081183,0.158555,0.564546,0.0522589,174.216,2086.82
"429",0.25740993615,0.61354342286,0.94306538989,0.0259291,0.214867,0.0586197,174.083,2102.85
"430",0.678032862071,1.6974163281,0.971380031878,1.06859,1.17952,0.0290375,240.961,2105.45
"431",0.726553021986,2.78112672023,0.951695637578,1.70031,2.06894,0.04951,176.155,2104.84
"432",0.490456920332,1.15693707334,0.952541737237,0.21127,0.614886,0.0486214,185.463,2112.82
"433",0.243814347453,0.70534168528,0.928399317253,0.0267088,0.243573,0.0742933,151.638,2142.86
"434",0.260786292391,0.463819909307,0.961954700414,0.03004,0.159003,0.0387879,240.803,2151.45
"435",0.23147472405,0.733214902889,0.921887908167,0.0223461,0.247833,0.0813316,146.651,2118.71
"436",0.124421045936,0.468602980868,0.93367758596,0.00834356,0.124626,0.0686241,159.147,2112.83
"437",0.164590169101,0.477183041367,0.940075372512,0.0131309,0.138464,0.0617952,162.154,2142.74
"438",0.504479902012,1.31228538603,0.9460474345,0.263035,0.715974,0.0554626,168.201,2137.96
"439",0.487336033263,1.41069811202,0.934125786265,0.201916,0.753358,0.0681442,148.448,2094.28
"440",0.509244695012,1.35023465212,0.945420120512,0.216706,0.74218,0.0561259,168.19,2062.79
"441",0.439996363919,0.903654909542,0.957059376435,0.139561,0.440545,0.0438898,198.621,2126.5
"442",0.151208468767,0.468923095971,0.939542755235,0.0126751,0.131362,0.062362,169.38,2174
"443",0.586697110639,1.58211427322,0.954007246472,0.515061,0.974215,0.047084,181.991,2123.08
"444",0.368455866608,0.876867431909,0.941392551632,0.0694271,0.381694,0.0603951,161.65,2096.78
"445",0.593929814062,1.55780073179,0.957652092899,0.510247,0.967572,0.0432707,194.043,2102.07
"446",0.586913740461,1.46579031646,0.962344177565,0.466864,0.897948,0.0383831,222.272,2099.27
"447",0.376488940071,0.784486505475,0.953538516653,0.0801445,0.341812,0.0475755,200.468,2131.67
"448",0.522975717184,1.46434435178,0.944695860168,0.286602,0.821121,0.0568922,173.921,2115.42
"449",0.299073126532,0.70079823958,0.94243883798,0.0400462,0.267151,0.0592843,169.425,2121.42
"450",0.42099202313,1.23424480368,0.927767041019,0.103478,0.59184,0.0749746,147.843,2068.98
"451",0.58525047697,1.69147024431,0.94900027624,0.520343,1.04093,0.0523462,173.026,2127.86
"452",0.507455663887,0.899966068772,0.972650912338,0.24554,0.484042,0.02773,287.879,2125.27
"453",0.680848935016,1.95115440056,0.96392336097,1.10062,1.36452,0.0367435,207.65,2102.69
"454",0.409845672853,0.907635661491,0.949179201578,0.0978293,0.422811,0.0521577,175.794,2093.23
"455",0.00566801492805,0.358839115468,0.929947831235,0.00258899,0.0720861,0.0726268,155.945,2074.51
"456",0.153000665613,0.503283039814,0.934747479892,0.0110164,0.142255,0.0674789,163.011,2123.01
"457",0.515233596573,1.41850394636,0.943834166152,0.261694,0.787027,0.0578048,167.972,2106.14
"458",0.375251277715,0.960678784333,0.937271537096,0.078497,0.423224,0.0647822,161.983,2117.69
"459",0.331970804235,0.653169821325,0.955600429197,0.0498672,0.261233,0.0454154,208.173,2107.71
"460",0.432074904664,1.11594378924,0.939179332094,0.122929,0.542992,0.0627488,158.639,2097.31
"461",0.436170505797,0.988310419256,0.95054115727,0.123701,0.480531,0.0507238,183.641,2096.02
"462",0.580776158327,1.55500195474,0.955513640384,0.461597,0.947594,0.0455062,193.765,2107.84
"463",0.636736952003,1.48935349162,0.96959853317,0.72649,0.978728,0.0308732,233.324,2098.41
"464",0.213836343757,0.505099046009,0.947036364068,0.0162498,0.160972,0.0544178,180.999,2078.46
"465",0.454429316307,1.07681914546,0.948107543167,0.151922,0.541231,0.0532873,174.094,2107.14
"466",1.04009387681e-05,0.378459813745,0.924766483283,0.00240846,0.0752375,0.078214,152.984,2067.62
"467",0.201590342718,0.576339165291,0.934843052881,0.017039,0.181341,0.0673766,160.378,2122.7
"468",0.433363352855,1.01176277627,0.947888717504,0.122111,0.490572,0.0535182,176.607,2097.96
"469",0.552454522584,1.36090134685,0.957904325649,0.413405,0.793932,0.0430074,203.643,2155.08
"470",0.0819181446946,0.435392092148,0.930311394536,0.00568542,0.105355,0.0722359,155.288,2109.55
"471",0.345101969851,0.672978211924,0.956693893702,0.0603027,0.275552,0.0442718,213.18,2132.2
"472",0.648617580064,2.1742206843,0.948096257459,0.810649,1.46214,0.0532992,171.87,2088.68
"473",0.445920093234,1.12300452515,0.941293668717,0.15768,0.559477,0.0605001,156.92,2136.52
"474",0.655582629499,1.6807182521,0.967544539968,0.936329,1.13431,0.0329938,226.103,2125.54
"475",0.379595980323,0.864852945274,0.947155604332,0.0882447,0.381139,0.0542919,182.188,2149.56
"476",0.0730653408272,0.427662362872,0.929828348782,0.00501952,0.101419,0.0727553,154.61,2094.5
"477",0.286239145598,0.738450208044,0.935627530725,0.0346963,0.275746,0.0665378,161.167,2109.71
"478",0.290879929612,0.625799964321,0.948788872872,0.0352649,0.233244,0.052569,183.499,2107.78
"479",0.154974473192,0.590757083661,0.921077775767,0.0117045,0.170474,0.0822108,143.934,2127.32
"480",0.43029248338,1.14678395424,0.936884012878,0.137507,0.556569,0.0651958,157.421,2138.25
"481",0.59815188405,1.74888870081,0.948653626735,0.589653,1.09745,0.0527115,167.226,2129.27
"482",0.534003039063,1.67833573255,0.932226049612,0.314331,0.96401,0.07018,144.278,2100.62
"483",0.247100651283,0.615923347385,0.939826692246,0.0219334,0.212368,0.0620598,164.607,2074.95
"484",0.403079235835,0.911843976041,0.947471458324,0.0935159,0.420074,0.0539585,173.813,2097.75
"485",0.64877181716,2.01357360186,0.950489502695,0.684825,1.35586,0.0507782,164.343,2032.3
"486",0.283886547282,0.678853526215,0.941946561403,0.035335,0.250771,0.0598067,173.137,2126.4
"487",0.484251388039,1.23433637088,0.944962465484,0.213922,0.652767,0.0566101,165.219,2128.28
"488",0.779708450598,2.98913669583,0.958942603063,2.44189,2.37171,0.0419241,181.717,2071.36
"489",0.534958407307,1.40132218226,0.949172985396,0.326435,0.800476,0.0521642,172.994,2121.92
"490",0.305795981538,0.735399531409,0.940180282983,0.0417589,0.284702,0.0616836,164.316,2113.71
"491",0.403836648126,1.03007131498,0.939727379449,0.0999199,0.476253,0.0621655,167.099,2115.6
"492",0.367534972208,0.910011144442,0.939515827219,0.0689562,0.394945,0.0623906,164.888,2099.3
"493",0.258822014978,0.675998731337,0.934650252201,0.0248937,0.240313,0.0675829,153.119,2076.65
"494",0.125939732094,0.52649698795,0.924129331592,0.00755923,0.142178,0.0789032,146.479,2070.84
"495",0.414035538696,0.954603821331,0.946232881467,0.109453,0.449007,0.0552666,168.355,2114.61
"496",0.348555606805,0.805491182021,0.944307483315,0.0632923,0.336451,0.0573034,174.194,2129.13
"497",0.321993733967,0.776827359444,0.939402720937,0.0453971,0.310731,0.062511,160.25,2092.37
"498",0.500741073184,1.15667544404,0.955263118999,0.232014,0.623932,0.0457685,192.999,2115.29
"499",0.587456574705,1.61896616551,0.954025965192,0.466714,0.997046,0.0470644,188.172,2091.13
"500",0.253393435097,0.649374792375,0.938339505177,0.0280535,0.226208,0.0636434,168.952,2138.58
"501",0.39689873106,1.04765348453,0.934787431239,0.0829492,0.481025,0.0674361,153.654,2069.9
"502",0.343957708423,0.814467799551,0.941725721453,0.0550491,0.338417,0.0600412,166.391,2094.24
"503",0.261398593651,0.703451481626,0.933004313538,0.0252012,0.250877,0.0693455,156.184,2075.92
"504",0.186532292803,0.668697392047,0.917405567851,0.0135811,0.207328,0.0862056,138.942,2081.15
"505",0.545282109876,1.32967655401,0.955042838507,0.342245,0.770006,0.0459991,183.016,2110.02
"506",0.176835716753,0.476308992688,0.944560454554,0.0115473,0.139668,0.0570356,185.87,2077.73
"507",0.0513077155641,0.377963071801,0.935124311602,0.00500494,0.0842681,0.0670758,163.579,2158.69
"508",0.765139490705,2.52544848462,0.969244948474,2.28482,1.96308,0.0312379,228.599,2099.32
"509",0.287356232829,0.686356540786,0.941607967167,0.0352043,0.255621,0.0601663,170.422,2114.39
"510",0.28742013438,0.671553096663,0.942435582713,0.0334504,0.250582,0.0592877,166.924,2095.45
"511",0.317133048893,0.875479498356,0.928431349952,0.0523627,0.349212,0.0742588,148.113,2146.62
"512",0.646415516479,2.28562065391,0.943343555949,0.800825,1.53412,0.0583247,164.526,2088.65
"513",0.326835459245,0.710614017523,0.948420694641,0.0497584,0.283833,0.0529571,184.474,2116.54
"514",0.986454715904,6.02203427436,0.969585784177,15.4995,5.97088,0.0308863,211.08,2078.66
"515",0.770640307009,2.99947284974,0.958450903395,2.70366,2.35306,0.0424369,188.289,2130.67
"516",0.359834374817,0.694432969119,0.957376953441,0.061918,0.292504,0.0435581,211.176,2097.91
"517",0.811412534221,2.97426192142,0.96940039303,3.08523,2.44395,0.0310776,221.068,2062.67
"518",0.515847288795,1.75457433943,0.923932286675,0.25664,0.98116,0.0791165,142.182,2085.9
"519",0.639498957667,2.0217144988,0.951459810043,0.891662,1.34142,0.0497578,179.495,2147.5
"520",0.765117484501,3.38049114049,0.946296968187,2.35664,2.64018,0.0551988,162.535,2094.73
"521",0.182819874346,0.520864373903,0.938826906351,0.0124864,0.156397,0.0631242,169.784,2080.35
"522",0.204216802789,0.60782143889,0.930165955571,0.0179889,0.193961,0.0723923,148.743,2126.18
"523",0.0627785660172,0.395099772449,0.933940479063,0.00532412,0.0908633,0.0683426,160.48,2144.57
"524",0.0705040145563,0.418909786792,0.931142400289,0.00598139,0.0983924,0.0713431,157.977,2159.72
"525",0.34041646757,0.821124344042,0.939971516487,0.0622705,0.339553,0.0619057,162.433,2142.28
"526",1.16789048668e-05,0.331927082705,0.934839308321,0.0027732,0.0651646,0.0673806,163.012,2114.75
"527",1.09324697004e-05,0.308916569105,0.940340496639,0.00252978,0.0596629,0.0615132,177.301,2091.04
"528",0.224356864505,0.617234419915,0.935283386326,0.0199366,0.203197,0.0669057,163.978,2110.16
"529",0.471508653469,1.29908443446,0.937361535131,0.187456,0.675168,0.0646862,154.857,2118.65
"530",0.400728304934,1.0176012818,0.938595247068,0.0994673,0.469186,0.0633709,159.899,2119.64
"531",0.46625698532,1.16976976333,0.945266106024,0.167056,0.600147,0.0562888,170.033,2102.52
"532",0.78721411054,3.19687387443,0.957631307718,2.9891,2.55899,0.0432924,182.995,2114.48
"533",0.595055133002,1.58086166261,0.956921782047,0.508497,0.983778,0.0440336,191.962,2097.49
"534",0.620725113476,1.96528703948,0.946223419979,0.725397,1.27368,0.0552766,163.792,2130.06
"535",0.64077398083,1.96660400993,0.951783545936,0.853082,1.30837,0.0494176,172.66,2127.78
"536",0.677572214829,2.21004337612,0.95320852764,1.15149,1.54426,0.0479216,174.248,2119.48
"537",0.744049826562,2.87660437742,0.951538368797,2.26576,2.1888,0.0496753,167.516,2144.79
"538",0.285121567902,0.583406140931,0.95243957925,0.033211,0.213902,0.0487286,195.049,2107.82
"539",0.561461474757,1.66357498951,0.942371280485,0.378691,0.991662,0.0593559,158.821,2089.02
"540",0.442472571358,1.11474316963,0.942167294575,0.144251,0.551076,0.0595724,163.175,2120.84
"541",0.725980665308,2.67036650831,0.954404145093,1.49937,1.98423,0.0466681,180.791,2067.54
"542",0.814994954287,3.41432844662,0.961104993797,3.33385,2.82156,0.0396716,191.846,2072.24
"543",0.43580590992,1.0172936481,0.948997735622,0.133861,0.494345,0.0523489,183.437,2122.78
"544",0.537514497714,1.25024669456,0.958798974522,0.336254,0.713227,0.0420738,201.274,2130.85
"545",0.48725396185,1.11235506503,0.953948303598,0.20708,0.588051,0.0471458,186.299,2115.77
"546",0.167881992106,0.562200553149,0.928318393419,0.0113888,0.166065,0.0743805,149.064,2083.54
"547",0.760063945721,3.29321574681,0.945587503989,2.3276,2.55747,0.0559488,158.475,2104.15
"548",0.404086237445,1.14453261147,0.929327832366,0.0981278,0.533162,0.0732937,148.539,2100.54
"549",0.482115966269,1.44030325705,0.931537900952,0.195004,0.762855,0.0709184,148.477,2097.93
"550",0.649451497126,1.69783171624,0.96674376809,0.736042,1.13592,0.0338218,229.711,2067.02
"551",0.389135538945,1.04259176298,0.932810098094,0.0789435,0.472899,0.0695536,150.596,2074.18
"552",0.31294873435,0.659747957841,0.950041378421,0.048163,0.256426,0.0512497,186.151,2145.11
"553",0.74591000499,2.60435163014,0.963134536474,1.94048,1.97948,0.0375622,208.556,2098.95
"554",0.404525162753,1.06126495348,0.93679343883,0.0919784,0.492515,0.0652925,160.032,2084.53
"555",0.452916709814,1.28841570143,0.932895421372,0.157028,0.65065,0.0694622,150.77,2112.88
"556",0.451964188206,0.993638807901,0.954527267009,0.140456,0.494562,0.0465391,196.452,2094.73
"557",0.776977019453,2.91907338399,0.960126768279,2.95892,2.30793,0.04069,185.549,2141.32
"558",0.343717356773,0.828074098461,0.940942602207,0.0580859,0.343681,0.0608731,168.004,2113.26
"559",0.072504440132,0.303884839831,0.953356571502,0.0050353,0.0686764,0.0477663,207.653,2109.25
"560",0.468296470912,0.958584068124,0.960655843241,0.149392,0.488246,0.0401391,216.576,2071.45
"561",0.713579949716,2.39761300114,0.956770757804,1.33294,1.75412,0.0441915,179.399,2065.31
"562",0.581920345385,1.6165012847,0.950074679864,0.450554,0.9906,0.0512147,169.754,2090.31
"563",0.529446759729,1.51441411947,0.944177670009,0.303353,0.857624,0.0574409,174.18,2115.08
"564",0.194560962549,0.559259463863,0.936259683509,0.0141865,0.17255,0.0658624,167.095,2087.53
"565",0.681528383483,2.35875845832,0.94940809003,1.15348,1.65815,0.0519166,167.395,2106.68
"566",0.49058198993,1.16001927027,0.951376459879,0.193048,0.617708,0.0498454,177.934,2081.53
"567",0.251183385823,0.682474149426,0.93282451136,0.0260687,0.238602,0.0695382,155.409,2115.31
"568",0.385142931051,1.09626173027,0.927635893997,0.0738645,0.494582,0.075116,146.989,2062.92
"569",0.0926593991206,0.485158811601,0.923091945111,0.00638915,0.121863,0.0800264,143.664,2109.69
"570",0.393555963479,0.866181593855,0.949069682874,0.0936154,0.391821,0.0522731,178.464,2126.44
"571",1.22201793227e-05,0.335962118477,0.93424565293,0.00235994,0.0657585,0.0680159,165.537,2065.38
"572",0.603367352626,2.13512298562,0.931938230259,0.67385,1.35633,0.0704887,142.456,2145.76
"573",0.552256956077,1.71189985393,0.937532401772,0.358392,1.00788,0.064504,153.794,2095.52
"574",0.0317124993918,0.340048706337,0.939480451226,0.00373272,0.0713033,0.0624283,176.043,2125.7
"575",0.2075306682,0.453178976733,0.952519524495,0.0164776,0.141529,0.0486447,193.015,2101.98
"576",0.430239744806,1.0138224891,0.947149973407,0.123857,0.489037,0.0542978,176.177,2111.53
"577",0.500348725443,1.29520873644,0.946779121008,0.225563,0.701277,0.0546895,173.003,2102.65
"578",0.150807025978,0.488040240697,0.936417864139,0.00923127,0.137182,0.0656935,163.87,2072.04
"579",0.0983466423602,0.405353996489,0.939925759924,0.00602584,0.0999394,0.0619544,176.868,2090.7
"580",0.712578128524,2.40100949187,0.958377266055,1.52259,1.75253,0.0425138,190.335,2113.03
"581",0.487482074207,1.3223751868,0.939982230822,0.206947,0.704652,0.0618943,156.432,2105.24
"582",0.400550281151,0.904849717509,0.947896585462,0.100359,0.414541,0.0535099,177.28,2128.67
"583",0.161769736693,0.513736823804,0.934877734434,0.0120805,0.148229,0.0673395,161.475,2126.18
"584",0.479173134885,1.12155109524,0.952392951403,0.217819,0.585024,0.0487776,187.808,2155.68
"585",0.294730410005,0.891706131659,0.920295916801,0.0343351,0.342517,0.08306,140.737,2071.14
"586",0.22390307599,0.585097494478,0.939114973332,0.0191897,0.19189,0.0628174,168.499,2100.34
"587",0.784066994408,3.0919524973,0.959999278234,2.97583,2.4643,0.0408227,191.642,2123.76
"588",0.810715696393,3.21412851556,0.964743787541,3.32746,2.641,0.0358927,205.208,2086.26
"589",0.300926720292,0.824031328033,0.929098773222,0.0458381,0.318874,0.0735402,147.86,2150.07
"590",0.742167973894,3.24988237362,0.939982942759,1.81828,2.47198,0.0618935,149.881,2072.48
"591",0.557767190973,1.30311732458,0.959610326583,0.411569,0.767226,0.041228,196.087,2136.26
"592",0.294033950941,0.75116957588,0.935215704362,0.0389238,0.285654,0.0669781,155.411,2120.76
"593",0.446283316577,1.27470660177,0.9310402368,0.150685,0.63784,0.0714528,146.152,2116.13
"594",0.594095148797,1.7225866433,0.949731064656,0.555766,1.07365,0.0515764,172.967,2123.76
"595",0.506207003493,1.35937425425,0.943901856839,0.220632,0.744223,0.0577331,165.187,2075.93
"596",0.491640063795,1.24351840802,0.947426631748,0.173663,0.663937,0.0540058,173.851,2043.86
"597",0.385167824242,0.936516506135,0.941075552868,0.0840461,0.41964,0.0607319,163.506,2111.1
"598",0.666454762274,2.15115972662,0.952694136085,0.964951,1.48096,0.0484614,175.45,2095.04
"599",0.403048472266,0.878180627456,0.950115546927,0.0989126,0.403834,0.0511717,179.234,2117.12
"600",1.02118139798e-05,0.379018377837,0.925045891414,0.00235807,0.074958,0.0779119,157.046,2064.13
"601",0.446810722903,1.28773796064,0.930891466516,0.146882,0.644484,0.0716126,147.988,2107.47
"602",0.441154836301,1.01369019485,0.949711987065,0.12536,0.497482,0.0515965,180.366,2085.08
"603",0.620417269508,1.74009472627,0.955659787263,0.629229,1.12393,0.0453533,183.187,2091.21
"604",0.550288049516,1.37948861803,0.954735551592,0.339912,0.804381,0.0463209,186.638,2094.82
"605",0.431846656432,0.998262702221,0.949137828258,0.135196,0.481959,0.0522013,182.593,2136.68
"606",0.635492058544,2.06867418282,0.946403170703,0.718167,1.36822,0.0550866,163.704,2084.81
"607",0.537935807629,1.56174755401,0.941007745249,0.320953,0.899112,0.0608039,158.191,2102.79
"608",0.157632580577,0.493139199706,0.937612536102,0.0108709,0.140122,0.0644185,169.55,2108.13
"609",0.553818180373,1.54374015035,0.948348040148,0.336992,0.906603,0.0530337,176.531,2079.91
"610",0.587411283647,1.71611379184,0.949931427493,0.507231,1.05813,0.0513655,180.143,2115.76
"611",0.384527498534,0.682738255382,0.962472229814,0.0844258,0.300059,0.0382501,222.822,2126.81
"612",0.944190517799,4.43997105754,0.981022494288,10.1611,4.21116,0.0191599,305.379,2072.21
"613",0.588907910351,2.19140524978,0.925126829065,0.582067,1.36541,0.0778244,138.402,2137.52
"614",0.156971632438,0.506147707817,0.934858310559,0.0117022,0.144593,0.0673603,160.712,2129.48
"615",0.235514496381,0.59179943736,0.941163828132,0.0212782,0.198214,0.0606381,173.672,2102.5
"616",0.406214372336,0.743218882753,0.962584489108,0.0943834,0.339322,0.0381334,227.655,2102.26
"617",0.400429274453,0.983044450535,0.941663098454,0.101945,0.451977,0.0601077,166.168,2130.97
"618",0.771813513993,3.12705732933,0.953289795358,2.31059,2.46022,0.0478363,170.036,2072.82
"619",0.381236410748,0.972650256557,0.936608362386,0.0766516,0.434201,0.0654901,155.586,2089.87
"620",0.76170198898,2.6995452036,0.96353039932,2.16076,2.09272,0.0371512,203.71,2087.61
"621",0.187739322517,0.64592629626,0.921696378821,0.0150994,0.199569,0.0815394,145.96,2117
"622",0.274820494303,0.699584181534,0.93638072457,0.0316154,0.255879,0.0657331,158.279,2110.45
"623",0.415543117003,1.1264099633,0.934389954288,0.119619,0.533682,0.0678614,155.116,2134.44
"624",0.135666012311,0.54445792379,0.923607642326,0.008766,0.150257,0.0794679,146.385,2090.67
"625",0.480683187605,1.12113452252,0.952739310835,0.202459,0.586171,0.048414,188.338,2128.26
"626",0.30585508392,0.673162147988,0.946906186174,0.039913,0.258984,0.0545553,177.901,2103.57
"627",0.101485411956,0.542356364201,0.915272639617,0.006693,0.139769,0.0885333,138.689,2096.79
"628",0.640611833621,1.96127827373,0.952861919705,0.840828,1.30356,0.0482853,178.072,2125.12
"629",0.999999847381,6.34046668437,0.970815842037,19.8863,6.36965,0.0296185,218.257,2120.45
"630",0.378582129925,0.931353905854,0.938698022791,0.0797042,0.413896,0.0632614,155.185,2109.26
"631",0.354107349499,0.730011005473,0.951532366346,0.0644128,0.30697,0.0496816,183.588,2119.79
"632",0.339928771978,0.867193360839,0.935379500078,0.0568904,0.359404,0.0668029,155.691,2112.01
"633",1.44371302093e-05,0.357861516801,0.92916969403,0.00279069,0.0708355,0.0734639,156.365,2115.18
"634",0.674093314902,2.4212341781,0.944499536354,1.06375,1.68764,0.0571001,158.477,2098.65
"635",0.780466739304,2.93402063507,0.964156843698,2.74605,2.32575,0.0365013,209.84,2111.71
"636",1.04053109888e-05,0.340516727773,0.933554329028,0.0026247,0.0664492,0.0687561,168.107,2101.99
"637",0.932485950775,4.99359212134,0.966714703389,10.7305,4.68974,0.0338519,201.596,2113.46
"638",0.985064401632,6.81183658505,0.961290481992,20.8448,6.74881,0.0394786,188.536,2172.09
"639",0.253774144628,0.541557460067,0.951194674368,0.0258193,0.186239,0.0500365,195.799,2116.91
"640",0.581689213467,1.72547394548,0.944984485052,0.443553,1.05871,0.0565868,161.385,2083.11
"641",0.199116607472,0.585557690816,0.933807710302,0.0161687,0.182787,0.0684847,164.237,2115.86
"642",0.251405706589,0.638551341287,0.939446112479,0.0271561,0.221089,0.0624648,172.633,2135.7
"643",0.598429253698,1.72355431742,0.951376865005,0.546971,1.08005,0.049845,177.92,2107.97
"644",0.515964479528,1.34066856463,0.949098182393,0.232222,0.742639,0.052243,180.325,2069.7
"645",0.337564293217,0.887019743062,0.933774801318,0.0536558,0.365651,0.06852,157.845,2101.78
"646",1.02786777624e-05,0.365476874624,0.928173902459,0.00251579,0.0718299,0.0745362,162.102,2087.16
"647",0.497311428465,1.43387526655,0.937450068459,0.237339,0.775632,0.0645918,158.009,2122.09
"648",0.498159189271,1.38570478719,0.939619005897,0.206008,0.750683,0.0622808,157.471,2074
"649",0.704003376878,2.46556906617,0.953241232482,1.37678,1.78253,0.0478873,176.187,2101.75
"650",0.269888679328,0.633871200797,0.942542773528,0.0256359,0.228532,0.059174,166.596,2060.08
"651",0.646922064468,1.65541265737,0.966194736602,0.682987,1.10473,0.0343899,219.145,2048.47
"652",0.317267638934,0.844098800881,0.931333440478,0.0462025,0.336472,0.0711379,149.782,2107.04
"653",0.0195289563619,0.373073015236,0.929033402819,0.00322575,0.0782523,0.0736106,149.056,2100.61
"654",0.363637164256,0.71497992792,0.955614751239,0.0647034,0.304379,0.0454004,199.286,2098.09
"655",0.318430123368,0.874318419977,0.929507057409,0.046793,0.348902,0.0731009,151.773,2109.63
"656",0.257895843287,0.638732180551,0.940311016729,0.026812,0.224415,0.0615446,169.901,2110.76
"657",0.245528867634,0.55418439158,0.947647068626,0.0205924,0.188421,0.0537731,184.191,2065.47
"658",0.452472919405,1.06298638159,0.948594116342,0.168974,0.532378,0.0527743,175.262,2146.52
"659",0.131919347577,0.51274218346,0.928218663531,0.00866696,0.139422,0.0744879,153.312,2101.56
"660",0.148773846499,0.419760774903,0.947260614177,0.0105612,0.115189,0.054181,190.755,2128.92
"661",0.891335436702,4.62387400804,0.960518598578,7.60129,4.1609,0.0402819,185.951,2117.02
"662",1.03383003416e-05,0.340569733159,0.933317736702,0.00243481,0.0666858,0.0690096,165.21,2075.97
"663",0.534068275122,1.36975713035,0.950162599145,0.306197,0.781381,0.0511222,173.028,2103.9
"664",0.37002310418,0.899467784151,0.941665611023,0.0778276,0.391158,0.060105,171.179,2133.23
"665",0.149714369152,0.503189429127,0.933554896558,0.0103164,0.14178,0.0687555,157.953,2108.2
"666",0.563022491783,1.31783474878,0.960443841115,0.396975,0.781527,0.0403598,200.162,2110.64
"667",0.229090027506,0.587055365452,0.940051328303,0.0229123,0.194437,0.0618208,170.045,2142.59
"668",0.23511906524,0.566641240845,0.944249628228,0.0226239,0.188979,0.0573647,179.836,2124.52
"669",0.749589041825,2.10419595887,0.975576699325,1.77628,1.60171,0.0247265,265.277,2066.46
"670",0.625132228303,2.12636360204,0.940821426153,0.752246,1.38844,0.0610019,155.638,2125.86
"671",0.336193555138,0.793653787421,0.941781494239,0.047811,0.32504,0.059982,166.557,2071.35
"672",0.586443351562,1.71940241127,0.947691709178,0.523452,1.06064,0.053726,169.311,2125.13
"673",0.853364216081,3.81820818358,0.962063669088,4.50079,3.29626,0.0386746,187.13,2058.46
"674",0.357412067423,0.865294721719,0.941989165435,0.0652398,0.367278,0.0597615,174.771,2114.64
"675",0.348036837302,0.685008489795,0.954288875955,0.0600317,0.284119,0.0467888,190.489,2115.96
"676",0.13498260137,0.522289848604,0.927346740138,0.0081523,0.143153,0.0754277,152.092,2072.72
"677",0.457609208315,1.2823568585,0.934206740629,0.166864,0.652612,0.0680575,150.51,2119.03
"678",0.48079722278,0.977654222537,0.962133340549,0.193256,0.50792,0.0386022,221.383,2118.61
"679",0.117282890765,0.429114413954,0.939362416986,0.00740124,0.110965,0.0625539,172.868,2100.4
"680",0.294625822326,0.727463962967,0.938658139845,0.0348785,0.275672,0.0633039,164.109,2088.39
"681",1.01552832952e-05,0.338616357637,0.933851326049,0.00251113,0.0661521,0.068438,167.149,2086.83
"682",0.373145345565,0.823243901246,0.947334456767,0.0781556,0.359855,0.0541031,172.451,2124.5
"683",0.0137683740078,0.406616245682,0.921974796475,0.00310048,0.0836236,0.0812374,153.373,2111.47
"684",0.265184091669,0.542112645318,0.95268587433,0.0257136,0.191074,0.04847,193.196,2081.26
"685",0.472946199912,1.14697544053,0.947643846826,0.198544,0.594814,0.0537765,170.44,2138.48
"686",0.407642862212,0.768638730231,0.961530529607,0.0947025,0.3518,0.039229,227.979,2100.09
"687",0.119846358606,0.482688820183,0.930218509801,0.00917848,0.12763,0.0723358,154.136,2154.27
"688",0.344975357416,0.916082516289,0.930574590431,0.0549852,0.385451,0.071953,143.874,2080.37
"689",0.724166674538,1.7834188789,0.977774772521,1.53088,1.31372,0.0224759,279.56,2091.89
"690",0.534561308453,1.55389069896,0.941126179218,0.279611,0.889524,0.0606781,160.689,2069.49
"691",0.665064468088,1.7433419618,0.965688306996,0.823446,1.19375,0.0349142,207.862,2054.81
"692",0.486554225916,1.11127015684,0.954467019868,0.201414,0.586226,0.0466022,190.903,2110.16
"693",0.526099333518,1.39083463668,0.947576409106,0.269737,0.784141,0.0538477,171.067,2085.54
"694",0.3425793199,0.600776347266,0.962081221679,0.0567824,0.243732,0.0386564,228.428,2120.56
"695",0.477986012986,0.934440642612,0.963864746162,0.19794,0.482785,0.0368043,226.645,2134.61
"696",0.126272773122,0.484656581209,0.931489278462,0.00865369,0.12971,0.0709706,156.804,2118.42
"697",0.429916754542,1.09225859602,0.941665750653,0.127558,0.527915,0.0601049,167.948,2119.57
"698",0.847343966291,3.70768115193,0.963718181331,5.1584,3.17796,0.0369564,196.069,2120.73
"699",0.652342442617,2.0385187112,0.952539675413,0.820255,1.37727,0.0486235,174.667,2083.07
"700",0.229142369109,0.587583753259,0.939666326303,0.0207512,0.194974,0.0622304,167.165,2109.47
"701",0.516206972757,1.47954807852,0.938968414155,0.291045,0.824785,0.0629734,155.084,2132.05
"702",0.425431730533,1.01178236754,0.944156745452,0.122481,0.486288,0.0574631,161.934,2116.04
"703",0.475464628783,1.21746842996,0.944463074672,0.195911,0.6344,0.0571387,167.777,2126.52
"704",0.400338638693,1.07317105753,0.934396791341,0.0855739,0.495235,0.0678541,155.905,2070.86
"705",0.447009252373,0.781602859512,0.968833510255,0.130661,0.38055,0.0316625,269.836,2095.27
"706",0.298636346366,0.741068082261,0.937830817343,0.0362826,0.283479,0.0641857,160.885,2088.02
"707",0.677860415004,2.00489776429,0.96067784523,1.10978,1.39836,0.0401162,194.114,2111.53
"708",0.593688531169,1.80262604142,0.945498348138,0.505868,1.1247,0.0560431,163.809,2091.71
"709",0.380788248411,0.885908898373,0.944409048726,0.0712458,0.392935,0.0571959,169.987,2073.17
"710",0.112266315945,0.441532508271,0.935423561524,0.00759708,0.114146,0.0667558,159.793,2116.94
"711",0.346595080254,0.972196328838,0.927715714594,0.0603901,0.409243,0.0750299,148.725,2109.27
"712",0.509249709462,1.21276201414,0.953705511717,0.241709,0.663893,0.0474003,186.691,2102.71
"713",0.36693842026,0.897925864864,0.940659554615,0.0702372,0.388824,0.061174,167.843,2108.04
"714",0.406448639475,0.852749596612,0.954489026054,0.0960741,0.39211,0.0465791,200.047,2103.95
"715",0.379577001455,1.01281093744,0.932663253722,0.0779676,0.451776,0.0697111,150.618,2097.71
"716",0.610660175929,1.89134237958,0.945982880476,0.601592,1.20898,0.0555308,162.383,2098.28
"717",0.342446743234,0.785574047216,0.945224488181,0.0556531,0.323793,0.0563328,179.239,2107.14
"718",0.658718339333,1.819767755,0.963428396528,1.01462,1.23529,0.0372571,209.22,2140.13
"719",0.34582368947,1.00635972164,0.92252124586,0.0581791,0.425502,0.0806449,137.723,2092.13
"720",0.270796903458,0.664851468216,0.940449934168,0.0290234,0.23959,0.0613969,170.851,2100.18
"721",0.413803221534,0.922463943667,0.950568215534,0.114116,0.43115,0.0506954,187.549,2135.47
"722",0.455538697443,1.03064606412,0.95378851907,0.140902,0.515711,0.0473133,199.443,2087.04
"723",0.545621255331,1.2268034994,0.961877987859,0.305532,0.707492,0.0388677,211.328,2078.68
"724",0.257791694949,0.726696173603,0.928924780777,0.0261184,0.258411,0.0737275,149.485,2093.9
"725",0.626554413284,1.84229972126,0.954208518558,0.836204,1.20009,0.0468731,183.594,2164.7
"726",0.512075010859,1.37151082798,0.943806814935,0.245628,0.75851,0.0578338,161.157,2091.89
"727",0.64228034886,1.67978547819,0.964966022019,0.727156,1.11393,0.0356624,218.331,2081.81
"728",0.180976939032,0.616721565108,0.924341441044,0.0133602,0.187271,0.0786738,149.6,2099.35
"729",0.0862788235204,0.43037331085,0.93284751675,0.0052375,0.104285,0.0695135,164.28,2076.19
"730",0.368071986534,0.804396577242,0.948378371307,0.0684523,0.347697,0.0530017,178.059,2098.79
"731",0.385603767037,0.863941483908,0.948082727389,0.0951317,0.385056,0.0533135,180.615,2155.29
"732",0.536767203349,1.36702612599,0.95263163965,0.264375,0.781143,0.048527,185.237,2052.96
"733",0.355719802156,0.885394992483,0.938184369552,0.0688129,0.376768,0.0638088,160.963,2130.39
"734",0.211928324785,0.690275247465,0.921686715148,0.0185637,0.224602,0.0815499,144.251,2112.88
"735",0.999999253848,6.26789175231,0.972398694354,17.3838,6.29549,0.0279894,228.088,2078.45
"736",0.181322514463,0.453507775497,0.947764356791,0.0144458,0.134467,0.0536494,183.967,2133.34
"737",0.134993746614,0.421677362037,0.943787797634,0.00823363,0.113136,0.0578539,177.932,2084.25
"738",0.407172561652,1.18698171006,0.927322852745,0.097353,0.555984,0.0754535,147.994,2088.98
"739",0.323608014967,0.646087664501,0.954115068918,0.040795,0.254964,0.046971,200.252,2065.38
"740",0.398639923828,0.96143513942,0.944566898045,0.0909691,0.4387,0.0570288,179.332,2104.72
"741",0.170365144188,0.587744506687,0.925953543559,0.0128039,0.174178,0.0769312,151.545,2116.74
"742",0.180859818142,0.574135517374,0.930234406973,0.0140547,0.173604,0.0723187,154.556,2117.51
"743",0.597972888334,1.62556482521,0.955330256361,0.490128,1.01671,0.0456982,186.056,2076
"744",0.339578055354,0.869359970288,0.935229894854,0.0615632,0.359986,0.0669629,156.184,2138.62
"745",0.354565666151,0.856964200921,0.941226193295,0.0676789,0.362624,0.0605718,169.374,2131.87
"746",0.509655013479,1.21933634774,0.952708653362,0.26147,0.668732,0.0484461,180.864,2125.06
"747",0.256495564148,0.750265914244,0.925414031496,0.0305372,0.267026,0.077514,144.37,2144.85
"748",0.358479774387,0.755742459005,0.95045530603,0.0661535,0.320463,0.0508141,182.692,2116.31
"749",0.308096429976,0.703081459863,0.944369561261,0.03991,0.272247,0.0572377,173.151,2095.76
"750",0.37357426676,0.749303327901,0.953483149191,0.0689767,0.326437,0.0476335,184.127,2085.88
"751",0.224771811454,0.571064654507,0.941423438331,0.0203132,0.186936,0.0603623,174.636,2118.6
"752",0.622700412253,2.24424416604,0.935986869206,0.70705,1.4615,0.0661538,151.942,2111.16
"753",0.777686977825,2.82259622096,0.966575889986,2.59371,2.22852,0.0339955,221.494,2103.09
"754",0.442558856097,1.06212052776,0.947136666331,0.117881,0.522914,0.0543119,177.383,2061.12
"755",0.291415472885,0.42523009958,0.97084575362,0.0311891,0.153073,0.0295877,296.056,2079.04
"756",0.100215522279,0.479990011645,0.925854667235,0.00615486,0.122248,0.077038,146.859,2078.12
"757",0.33401734807,0.771278344956,0.942978904983,0.0499604,0.314641,0.0587114,166.259,2091.16
"758",0.469053013467,1.02458900757,0.956066059313,0.168934,0.524521,0.0449283,197.713,2105.16
"759",0.159151822703,0.583852378499,0.92264287182,0.0122098,0.170278,0.080513,142.243,2126.62
"760",0.786603626999,2.92800644268,0.963537979999,2.51335,2.33964,0.0371434,198.431,2064.31
"761",0.213403491553,0.532586174909,0.94400857772,0.0186619,0.169647,0.05762,180.276,2125.01
"762",0.158911709347,0.444716383175,0.944343105768,0.0103546,0.126328,0.0572657,173.822,2087.57
"763",0.426961154509,0.851277320176,0.957627089262,0.112536,0.405835,0.0432968,198.722,2094.29
"764",0.558337993362,1.69491958426,0.940864506458,0.38535,1.00547,0.0609561,159.92,2104.02
"765",0.670604047648,2.2005452919,0.951773045103,1.02856,1.52392,0.0494287,172.306,2102.58
"766",0.350629599227,0.865434939661,0.939549417103,0.0562057,0.363898,0.0623549,167.251,2083.05
"767",0.145746800935,0.569590021576,0.921629146591,0.0116968,0.161387,0.0816124,142.054,2151.28
"768",0.221701386076,0.599787807267,0.934944151257,0.0190117,0.19803,0.0672685,151.568,2094.45
"769",0.480524741234,0.922629207374,0.963984529918,0.160981,0.479362,0.03668,218.51,2059.32
"770",0.651287208745,2.25246764478,0.944557055249,0.909275,1.52245,0.0570392,161.809,2114.56
"771",0.299823058971,0.744277565739,0.937340957407,0.0419151,0.285811,0.0647082,157.862,2129.15
"772",0.344151574723,0.676417900665,0.954466107388,0.0521038,0.278324,0.0466031,192.533,2082.31
"773",0.75197278647,2.89552560669,0.954507022114,1.97868,2.22285,0.0465603,176.216,2081.27
"774",0.386228607618,0.852638680558,0.948874764641,0.0798455,0.380439,0.0524785,180.644,2097.45
"775",0.442128779799,1.29167471977,0.929259625926,0.139816,0.641827,0.0733671,146.631,2104.29
"776",0.464515286788,1.21065755907,0.941037998778,0.167628,0.621331,0.0607718,159.133,2104.42
"777",0.470830709851,1.13053965014,0.947905916455,0.169895,0.584387,0.0535,169.791,2094.38
"778",0.664500490404,2.07570853552,0.955323883377,1.07597,1.42399,0.0457049,183.019,2137.19
"779",0.121214557625,0.538213462677,0.921956601716,0.00745366,0.143283,0.0812571,150.239,2083.67
"780",0.391507917269,0.902866321083,0.946891686118,0.0865571,0.406588,0.0545706,181.099,2109.08
"781",0.421418700357,1.0203677588,0.944893894573,0.114735,0.485108,0.0566826,174.409,2111.85
"782",0.320331786499,0.655884974928,0.952581859919,0.0470407,0.257519,0.0485792,196.822,2119.93
"783",0.507074876429,1.3022383417,0.947435180515,0.267433,0.712897,0.0539968,171.028,2136.96
"784",0.0947127840331,0.369176383158,0.946367218872,0.0055406,0.0885985,0.0551246,200.288,2081.04
"785",0.460107250824,1.04547538544,0.950824450067,0.157624,0.530206,0.0504258,175.577,2102.5
"786",0.632090453175,1.44373519927,0.9739455309,0.632319,0.938626,0.0263999,290.161,2073.9
"787",0.612771521992,1.72426712903,0.956157841482,0.595352,1.10042,0.0448323,192.38,2097.45
"788",0.665094739539,1.92419940213,0.962351997563,0.935052,1.31742,0.038375,209.628,2096.09
"789",0.18320169285,0.539212361709,0.935317146365,0.0134329,0.163467,0.0668696,157.691,2096.62
"790",0.688942089818,1.95729172539,0.963975652509,1.03949,1.38448,0.0366892,199.61,2060.12
"791",0.556226618709,1.65858254943,0.94395207496,0.396063,0.978596,0.0576799,170.994,2122.92
"792",0.761071832011,2.85354159938,0.959512429926,2.61876,2.21224,0.04133,191.857,2148.47
"793",0.748084637252,2.67452689023,0.959483723105,2.03916,2.04129,0.0413599,188.587,2104.96
"794",0.27776492525,0.839996891088,0.921055386242,0.0292631,0.312266,0.0822351,141.263,2068.91
"795",0.00764049460981,0.349426590353,0.932030026516,0.00267719,0.0706398,0.0703902,154.857,2077.69
"796",0.618987849472,1.71922994142,0.957483497752,0.573569,1.1067,0.0434468,193.532,2068.26
"797",0.509439691382,1.41035659596,0.941229250779,0.24683,0.777262,0.0605685,158.948,2100.18
"798",0.271328416673,0.55149462614,0.952961013207,0.0272641,0.196675,0.0481813,194.901,2083.28
"799",0.442474787014,1.22818383067,0.932980347861,0.141532,0.61046,0.0693711,147.361,2107.47
"800",0.485378421068,0.87806809857,0.970484700896,0.178648,0.455711,0.0299596,281.124,2087.1
"801",0.463497659656,0.910258938522,0.961599409565,0.168958,0.460303,0.0391573,212.48,2122.62
"802",0.515591608961,1.25183113706,0.952631670644,0.2544,0.692802,0.0485269,181.876,2099.75
"803",0.188128914136,0.537761372458,0.936839116046,0.0148941,0.164329,0.0652437,161.196,2117.31
"804",0.321899845405,0.753388778336,0.94265117438,0.0503783,0.299865,0.059059,170.511,2130.49
"805",0.343645939604,0.870263900345,0.935432057598,0.0589342,0.363631,0.0667468,152.88,2111.25
"806",0.179259745165,0.463663140071,0.946636542079,0.0128877,0.13648,0.0548401,188.384,2105.58
"807",0.370017795866,0.888942721973,0.941537497318,0.0751591,0.387387,0.0602411,165.781,2119.59
"808",0.407583902086,0.948337070775,0.945873354603,0.0998301,0.440654,0.0556466,171.535,2105.16
"809",0.588781684135,1.77614833704,0.944808903393,0.487804,1.10095,0.0567726,161.354,2093.18
"810",0.698213226715,1.47994027897,0.985500555928,1.25566,1.04781,0.0146056,459.636,2110.04
"811",0.199338906334,0.470769071551,0.948879944109,0.0162243,0.144963,0.052473,186.565,2120
"812",0.230813176938,0.718582116171,0.922966494129,0.0228844,0.242892,0.0801623,144.799,2126.44
"813",0.413778147405,1.09095139429,0.936644000098,0.113584,0.514768,0.065452,158.059,2124.39
"814",0.406008020278,0.734202278002,0.962878603187,0.0992099,0.335213,0.0378279,225.885,2117.98
"815",0.412157649438,1.09576036366,0.93451929464,0.103486,0.517107,0.067723,150.482,2095.43
"816",0.383850536704,0.93900148286,0.94001900722,0.0782364,0.420417,0.0618552,159.63,2090.54
"817",0.918810691734,4.75041337454,0.966785668531,8.4339,4.39794,0.0337785,203.904,2075.67
"818",0.81026305431,3.10460855702,0.967329290205,3.5983,2.54822,0.0332163,216.342,2114.25
"819",0.479950457525,1.18753443054,0.946608678655,0.184615,0.623349,0.0548695,167.374,2094.41
"820",0.18319076481,0.507801502002,0.940394053544,0.012203,0.15263,0.0614563,169.475,2071.12
"821",0.495996986003,1.24699485975,0.947844527668,0.226699,0.670661,0.0535648,172.31,2115.92
"822",1.03073416025e-05,0.366491047,0.927007994384,0.00241487,0.0729958,0.0757931,151.539,2066.66
"823",0.41416624688,0.923764797481,0.948795511075,0.0995915,0.433797,0.052562,174.018,2086.14
"824",0.325382592123,0.707971057339,0.949156985749,0.0431957,0.281204,0.0521811,191.789,2078.08
"825",0.435489208826,1.2109441097,0.932605199529,0.12444,0.594748,0.0697733,148.455,2086.69
"826",0.573730885096,1.92443754607,0.937760240571,0.470306,1.16635,0.064261,165.346,2125.94
"827",0.652471282416,1.63748753846,0.966989783768,0.80056,1.10142,0.0335673,216.108,2082.81
"828",0.290591685454,0.792486003113,0.931079885027,0.033609,0.29921,0.0714102,156.404,2085.71
"829",0.742934160878,2.81317233629,0.954605628336,1.75191,2.1354,0.046457,178.311,2068.52
"830",0.254224280081,0.523717185392,0.953898570689,0.0285195,0.179243,0.0471979,208.793,2150.61
"831",0.175496160861,0.494291441682,0.940774683842,0.0137579,0.145972,0.0610516,170.728,2131.83
"832",0.495298048378,1.37351951009,0.940616139339,0.22414,0.739685,0.0612202,162.763,2111.3
"833",0.225218377558,0.633200928846,0.933375399489,0.0233767,0.209233,0.0689478,160.964,2157.34
"834",0.959913405266,6.50250160533,0.956145465891,13.3135,6.28569,0.0448452,176.355,2097.41
"835",0.215902912268,0.502652161461,0.948053689563,0.0178273,0.16047,0.0533441,185.694,2103.26
"836",0.838276808111,3.44495607213,0.965119132385,4.46532,2.92271,0.0355037,196.892,2100.88
"837",0.440355461499,0.946737859822,0.953744773352,0.152186,0.463156,0.0473592,187.146,2150.63
"838",0.434660044747,1.14142243086,0.937724736327,0.115235,0.558406,0.0642988,155.481,2068.06
"839",0.33022291333,0.879317781656,0.93127128343,0.0599629,0.3591,0.0712047,149.459,2153.37
"840",0.189164748033,0.603474097799,0.928221525959,0.0150632,0.185934,0.0744849,153.185,2115.61
"841",0.556889053438,1.36221103583,0.957519523757,0.424981,0.801081,0.0434092,195.155,2149.31
"842",0.551509772595,1.50626593354,0.950235300059,0.411178,0.880485,0.0510456,183.028,2151.81
"843",0.421671878106,1.0857657702,0.938902219283,0.120911,0.518935,0.0630439,159.714,2122.57
"844",0.611424712691,1.97649163419,0.943584214228,0.576949,1.26489,0.0580697,161.817,2082.48
"845",0.471025023893,1.20446200262,0.943185471205,0.170156,0.624146,0.0584923,162.071,2091.78
"846",0.329817330207,0.624663729528,0.957730687897,0.0495502,0.248294,0.0431887,214.495,2112.15
"847",0.295540894324,0.696052329349,0.941837316888,0.0374711,0.263875,0.0599227,166.804,2108.92
"848",0.82157722446,3.79014890753,0.954565878844,3.89989,3.15933,0.0464986,174.698,2099.33
"849",0.989753527025,7.12637779734,0.956396927828,17.4114,7.09696,0.0445823,171.574,2097.85
"850",0.632581880511,1.42438197992,0.972557290427,0.767427,0.928481,0.0278263,261.593,2130.97
"851",0.405312686549,0.933145629593,0.946977942039,0.0890687,0.431238,0.0544795,176.126,2076.86
"852",0.107931021216,0.453972192064,0.93248389189,0.0064115,0.116514,0.0699034,156.88,2074.13
"853",0.169589441472,0.488955325415,0.940200522738,0.0114872,0.142721,0.0616621,168.919,2089.99
"854",0.446069942782,1.04549075326,0.948387567449,0.148286,0.517974,0.052992,175.908,2123.37
"855",0.499355557417,1.10969970339,0.956429724992,0.228714,0.597705,0.044548,189.465,2113.2
"856",0.649567130218,2.26839628874,0.946170778078,0.925482,1.5273,0.0553322,172.477,2128.42
"857",0.697808351435,2.18661873712,0.960028874385,1.36607,1.56581,0.0407919,191.802,2120.71
"858",0.378793429927,0.920470688702,0.941454554924,0.0795775,0.407214,0.0603292,167.385,2113.71
"859",0.484362610856,1.2844272117,0.942482930325,0.172319,0.679646,0.0592375,163.765,2058.83
"860",0.482916403227,1.09255654974,0.953582419048,0.18187,0.574031,0.0475294,182.719,2085.24
"861",0.561404369597,1.85048312744,0.933821107314,0.373161,1.10505,0.0684704,150.613,2080.56
"862",0.478757945543,1.29135748126,0.939347006825,0.202283,0.678901,0.0625703,155.235,2122.44
"863",0.539387716834,1.18901728955,0.960913281789,0.295364,0.680428,0.0398711,199.664,2082.89
"864",0.424147065621,1.0520111406,0.940950553416,0.112347,0.505257,0.0608647,157.779,2090.65
"865",0.298893081107,0.819201468145,0.929407111857,0.0372974,0.315447,0.0732084,149.707,2091.19
"866",0.186524910443,0.613726313255,0.925517429791,0.0137529,0.188958,0.0774023,147.094,2090.21
"867",0.221189766371,0.598158565284,0.936405478387,0.0156887,0.195901,0.0657067,161.823,2041
"868",0.61145002032,1.62683166458,0.958759421274,0.504332,1.03597,0.0421151,194.838,2048.7
"869",0.127171565628,0.47166882508,0.93386459425,0.00739464,0.126118,0.0684238,160.123,2066.97
"870",0.319192735686,0.825123140203,0.935555490788,0.0463405,0.327818,0.0666148,163.391,2109.96
"871",0.292997441103,0.874759321084,0.922820000928,0.0404713,0.333482,0.0803211,147.636,2134.03
"872",0.77719230027,2.90596503187,0.962450993252,2.35847,2.29604,0.0382721,198.841,2070.68
"873",0.246684104948,0.659791931136,0.933980199563,0.0261646,0.22878,0.0683,154.169,2127.83
"874",0.614956529618,1.7768154443,0.953050975228,0.600762,1.13961,0.0480869,178.815,2090.8
"875",0.402309609685,1.07955032801,0.932842406523,0.0890718,0.501471,0.069519,148.028,2074.12
"876",0.57372768621,1.45759186888,0.957364238682,0.438307,0.878897,0.0435714,195.241,2111.43
"877",0.728810213663,2.69450967679,0.955046969805,1.59494,2.00874,0.0459948,183.734,2079.84
"878",0.403160660486,1.20478952966,0.924633578557,0.0985902,0.56109,0.0783578,145.395,2103.22
"879",0.702740517185,2.10012349756,0.965625028495,1.18303,1.51022,0.0349797,217.621,2065.27
"880",0.713832416908,2.03935801624,0.971177273331,1.28192,1.48458,0.0292463,250.115,2063.07
"881",0.25875071211,0.801224142098,0.920475175433,0.024739,0.286842,0.0828652,142.296,2070.05
"882",0.853325259869,3.49158269134,0.971599999004,5.19209,3.00786,0.0288111,236.046,2111.29
"883",0.518478217933,1.30495676226,0.95175242872,0.277719,0.724839,0.0494503,186.06,2121.22
"884",0.209083346565,0.455068524974,0.95256187784,0.0181275,0.142585,0.0486002,193.161,2128.42
"885",0.0920974310401,0.342840796849,0.949523975512,0.0056947,0.0820508,0.0517945,195.445,2091.95
"886",0.0478640769515,0.368406305519,0.936705804039,0.00460481,0.0809276,0.065386,169.792,2144.81
"887",0.920400871393,4.83301037284,0.966948955339,9.61588,4.48136,0.0336096,207.313,2113.35
"888",0.357017242501,0.656405199327,0.960763314837,0.0692169,0.273585,0.0400272,230.329,2144.68
"889",0.0995289897658,0.403955938877,0.940180642328,0.00764219,0.100025,0.0616832,175.073,2161.99
"890",0.628445214273,1.85087625439,0.954373898931,0.662413,1.2088,0.0466998,183.884,2085.09
"891",0.155125983429,0.520094459886,0.933279833178,0.00961511,0.1474,0.0690502,165.618,2075.56
"892",0.134150216533,0.441038109114,0.940667304457,0.00875953,0.118498,0.0611658,173.544,2106.11
"893",0.343451368665,0.910507812791,0.932055218037,0.0601116,0.38066,0.0703632,151.009,2117.3
"894",0.88395487949,3.90190768447,0.969574914445,6.66169,3.47954,0.0308975,213.059,2101.34
"895",0.325562110575,0.657748735289,0.952810861495,0.0491456,0.261327,0.0483389,191.981,2116.87
"896",0.351803426698,0.867474928592,0.938891154776,0.0599431,0.366289,0.0630557,162.43,2097.79
"897",0.549956829055,1.66196451938,0.940983903521,0.410811,0.973025,0.0608292,163.373,2149.72
"898",0.581389942841,1.77469543527,0.942651609924,0.4332,1.08914,0.0590585,158.178,2075.11
"899",0.256642709966,0.811928639369,0.917742860271,0.0250632,0.290633,0.085838,136.751,2075.76
"900",0.183006217658,0.521069986596,0.937918779035,0.0162963,0.15744,0.0640919,161.594,2160.29
"901",0.517237416798,1.36812815538,0.946889951411,0.277257,0.760757,0.0545724,171.824,2119.98
"902",0.272890820821,0.647310379792,0.942176750612,0.0294624,0.234468,0.0595624,169.017,2097.58
"903",0.33396656284,0.872917501119,0.933525001177,0.0550668,0.358,0.0687875,154.709,2118.56
"904",0.364412326538,0.841988572961,0.945037791289,0.0660623,0.361793,0.0565304,176.115,2098.11
"905",0.621867571353,1.67208247746,0.95978519208,0.743001,1.08003,0.0410458,198.608,2143.55
"906",0.452931024071,1.05926536571,0.947799679096,0.159093,0.531974,0.0536121,168.262,2123.57
"907",0.364551568296,0.841723589592,0.943558781082,0.0677023,0.363293,0.0580966,165.285,2100.78
"908",0.502197804148,1.30082883779,0.946422750984,0.221962,0.706851,0.0550659,170.172,2091.15
"909",0.620323437249,1.80018053618,0.952863493387,0.714685,1.16383,0.0482836,175.731,2130.29
"910",0.590542424952,2.10312452937,0.929512996234,0.551885,1.31247,0.0730945,141.427,2117.88
"911",0.64789043619,1.97615857931,0.954386431559,0.845721,1.32595,0.0466866,181.453,2107.22
"912",0.402767079267,1.00524936704,0.940536157866,0.0929842,0.464345,0.0613052,164.49,2094.28
"913",0.469121045753,1.24127417401,0.941133500716,0.160189,0.641174,0.0606703,162.46,2078.37
"914",0.115229518347,0.492637930009,0.927305090612,0.0087042,0.129461,0.0754727,149.659,2147.95
"915",0.56206937643,1.5643861305,0.946690110638,0.381168,0.932603,0.0547835,162.657,2090.92
"916",0.218067809186,0.6386043878,0.931036779279,0.0188804,0.208222,0.0714565,158.758,2109.2
"917",0.509197553506,1.39303621921,0.940382068201,0.228682,0.768949,0.061469,151.678,2073.34
"918",0.517277765664,1.46726951411,0.94201162499,0.267548,0.816974,0.0597377,166.336,2106.8
"919",0.571552537404,1.35650533488,0.962769403097,0.430827,0.812545,0.0379414,220.115,2116.55
"920",0.293971797829,0.692081982345,0.942320159421,0.0313601,0.261132,0.0594102,170.197,2058.22
"921",0.691726101025,2.53380511358,0.946292668813,1.2958,1.80641,0.0552034,161.141,2112.56
"922",0.244898900361,0.622966868241,0.938159303993,0.0248793,0.214405,0.0638355,160.261,2119.28
"923",0.241327632829,0.665511287458,0.93141259743,0.0250415,0.229194,0.0710529,148.303,2125.43
"924",0.134331444045,0.457529862998,0.938097119422,0.00939726,0.123364,0.0639018,169.582,2127.06
"925",0.569900580526,1.73104906885,0.942290231551,0.437844,1.04424,0.059442,160.921,2112.12
"926",0.287892413877,0.589673772077,0.952613749194,0.0371299,0.217149,0.0485458,197.862,2136.29
"927",0.906950045963,4.28243712001,0.970902025838,7.93031,3.91305,0.0295297,222.354,2092.54
"928",0.389665662285,0.778546853903,0.955916577073,0.0832727,0.347456,0.0450846,199.991,2105.04
"929",0.637725910205,1.56138516795,0.965629367264,0.801883,1.03011,0.0349752,206.806,2123.8
"930",0.458922292599,1.10020135206,0.948324627584,0.144986,0.556582,0.0530584,177.534,2080.57
"931",0.416492613122,0.90433640815,0.951416385355,0.0978139,0.425233,0.0498035,182.841,2076.2
"932",0.728306278491,2.17275572255,0.971120212765,1.45252,1.61131,0.029305,250.119,2061.88
"933",0.315220322246,0.877458206111,0.926841853656,0.0453702,0.349751,0.0759723,143.094,2103.18
"934",0.256147594286,0.690780933825,0.933475291843,0.0259897,0.243467,0.0688408,158.392,2101.5
"935",0.999999254299,6.05446416173,0.972848276487,19.9386,6.08161,0.0275271,223.987,2122.63
"936",0.285555972593,0.697582403288,0.939349979114,0.0329443,0.259849,0.0625672,163.245,2095.23
"937",0.039644798325,0.343853140142,0.939733386065,0.00395613,0.0738986,0.0621591,171.326,2118.97
"938",0.42374190762,1.15978405432,0.935185122891,0.105671,0.556264,0.0670108,159.677,2073.96
"939",0.334947849162,0.891760743655,0.932196514074,0.0571582,0.366497,0.0702116,154.12,2127.39
"940",0.412712245652,0.921008929742,0.950057125763,0.117989,0.430055,0.0512332,184.341,2147.99
"941",0.715551632091,2.37292857516,0.960353877958,1.39052,1.7376,0.0404534,196.962,2076.86
"942",0.741600390848,2.46188163162,0.964389034552,1.93884,1.86134,0.0362605,207.462,2110.91
"943",0.269626280812,0.856112363543,0.917242818734,0.0293729,0.313588,0.086383,139.881,2092.28
"944",0.556477823224,1.22592150801,0.964170744569,0.401312,0.718027,0.0364869,218.546,2135.84
"945",0.418248390859,1.02764127088,0.941624812921,0.113981,0.488184,0.0601484,160.429,2113.17
"946",0.316777869691,0.856528736762,0.930633075279,0.0523873,0.340696,0.0718902,152.061,2150.09
"947",0.412583384485,1.05630249945,0.938179262493,0.105765,0.497634,0.0638142,156.811,2103.85
"948",0.291295702958,0.642662219325,0.94820094369,0.0344924,0.239004,0.0531888,190.439,2103.05
"949",0.650925373917,1.36384552621,0.979441726931,0.81601,0.90832,0.0207725,336.945,2103.16
"950",0.372924317403,0.834437790804,0.947268490714,0.0749428,0.363914,0.0541727,177.662,2113.98
"951",0.530699194049,1.46375787128,0.945433723042,0.300203,0.831381,0.0561115,169.395,2106.35
"952",0.338949870461,0.823161217728,0.939864579572,0.0509127,0.339146,0.0620195,164.597,2083.4
"953",0.425453896372,1.01566376741,0.946006661028,0.110219,0.486111,0.0555057,175.082,2087.82
"954",1.29980010055e-05,0.32495869211,0.936918000235,0.00311569,0.0630862,0.0651595,172.638,2157.42
"955",0.268503685869,0.717112113087,0.933135978371,0.0302087,0.259411,0.0692043,155.912,2113.22
"956",0.553884380496,1.19619720274,0.965524419121,0.363812,0.697031,0.0350839,227.732,2113.14
"957",0.155590442584,0.501255840438,0.935422274227,0.0111762,0.142568,0.0667572,162.386,2119.28
"958",0.125777405811,0.586846149364,0.913580799017,0.00831035,0.160231,0.0903835,135.468,2094.27
"959",0.360929593199,0.726489815886,0.953941505254,0.0547521,0.30827,0.0471529,193.859,2051.39
"960",0.755157705967,2.95576758449,0.952941795799,1.95132,2.27913,0.0482015,170.411,2066.25
"961",0.161160018793,0.481471321859,0.939306866467,0.010457,0.138287,0.0626131,165.643,2082.19
"962",0.725859321887,2.92823893554,0.943751617863,1.75478,2.18174,0.0578923,154.421,2109.83
"963",0.579625102642,1.48144542943,0.955784817928,0.489092,0.902898,0.0452225,182.053,2126.3
"964",0.427057022872,0.928081631657,0.952098100436,0.124065,0.444246,0.0490872,184.064,2122.34
"965",1.06076645449e-05,0.425779646075,0.913641360844,0.00290972,0.0863632,0.0903172,138.412,2118.59
"966",0.38731004352,0.989204871192,0.939775919981,0.0869389,0.443353,0.0621138,173.166,2121.31
"967",0.40215208532,0.885816823637,0.950283317509,0.0842328,0.40595,0.0509951,185.236,2070.73
"968",0.779030214791,2.87926324355,0.962884683642,2.29426,2.28015,0.0378216,197.555,2056.44
"969",0.743785777867,2.69585496104,0.956351718937,2.3152,2.04879,0.0446295,176.737,2155.19
"970",0.24636421361,0.535668537127,0.951275211148,0.0219305,0.180694,0.0499519,204.352,2089.38
"971",0.414656353781,0.967608876451,0.946105909671,0.105747,0.455119,0.0554008,171.626,2103.63
"972",0.431529071955,0.829494693321,0.961578658179,0.113037,0.396372,0.0391789,223.201,2087.57
"973",0.870661265269,3.67403812501,0.976142965829,5.73679,3.2227,0.0241462,279.969,2097.39
"974",0.186341392788,0.576618656263,0.931352264556,0.0157421,0.176096,0.0711177,156.875,2139.61
"975",0.221084649664,0.636010180598,0.931413833022,0.0190655,0.209198,0.0710516,155.118,2100.69
"976",0.489664040876,1.15721713619,0.952762684669,0.240652,0.613885,0.0483894,188.202,2157.91
"977",0.501559466474,1.33371078377,0.942344325842,0.241813,0.726591,0.0593845,156.334,2114.92
"978",0.419863234867,1.01979924802,0.942542407108,0.11651,0.485634,0.0591744,161.35,2115.79
"979",0.155698284539,0.575149086854,0.924535750958,0.0116084,0.165014,0.0784636,152.158,2128.05
"980",0.593474909995,1.95966736233,0.939187706407,0.537764,1.22383,0.0627399,157.315,2109.27
"981",0.603837722258,1.61282699915,0.956966865576,0.610988,1.01692,0.0439865,188.187,2130.07
"982",1.10023706961e-05,0.342855265179,0.933203405538,0.0025156,0.0668004,0.0691321,169.471,2089.68
"983",0.0629707387262,0.346082623578,0.944466353493,0.0043885,0.0773267,0.0571352,191.946,2094.07
"984",0.375159506198,0.938037129216,0.93853961151,0.0761608,0.413374,0.0634302,160.838,2107.33
"985",0.576806604229,1.60593516117,0.949474131922,0.444317,0.97684,0.051847,169.845,2100.38
"986",0.476223548245,1.2379534963,0.942373239632,0.205491,0.647169,0.0593539,160.573,2136.72
"987",0.106034344105,0.352625417654,0.949746074742,0.00665082,0.0876443,0.0515606,189.702,2099.47
"988",0.20962027578,0.577921974215,0.936691565521,0.0152445,0.184453,0.0654012,164.265,2066.02
"989",0.592744924098,1.43478640353,0.96296395546,0.516129,0.887498,0.0377393,212.511,2112.41
"990",0.338052613877,0.877573296125,0.934587495692,0.0522108,0.362078,0.06765,157.871,2091.44
"991",0.293905615782,0.550089834387,0.958519896045,0.031968,0.203155,0.042365,222.663,2075.59
"992",0.341506823617,0.623961152258,0.958399244808,0.0473199,0.254688,0.0424908,201.474,2059.94
"993",0.167256087851,0.439005707682,0.947425669507,0.0127904,0.126001,0.0540068,186.024,2135.7
"994",0.319820978778,0.831456613338,0.933964056292,0.0389317,0.331953,0.0683173,155.876,2048.75
"995",0.474318495544,1.11064036258,0.951136194809,0.16566,0.575661,0.050098,181.282,2080.06
"996",0.472233433991,0.932328451764,0.963137123238,0.170259,0.47714,0.0375595,226.405,2103.27
"997",0.16324847707,0.575577047152,0.926337736626,0.0113086,0.167624,0.0765164,153.962,2099.21
"998",0.175253781819,0.542272863434,0.934415106992,0.0122645,0.16062,0.0678345,165.813,2096.02
"999",0.147014309425,0.417722351984,0.94735241454,0.00919959,0.114059,0.0540841,192.217,2090.49
"1000",0.463846479354,0.933010023978,0.959717479197,0.176559,0.473056,0.0411163,202.469,2133.84
